Submission ID,age,cups_per_day,Where do you typically drink coffee?,Where do you typically drink coffee? (At home),Where do you typically drink coffee? (At the office),Where do you typically drink coffee? (On the go),Where do you typically drink coffee? (At a cafe),Where do you typically drink coffee? (None of these),How do you brew coffee at home?,How do you brew coffee at home? (Pour over),How do you brew coffee at home? (French press),How do you brew coffee at home? (Espresso),How do you brew coffee at home? (Coffee brewing machine (e.g. Mr. Coffee)),How do you brew coffee at home? (Pod/capsule machine (e.g. Keurig/Nespresso)),How do you brew coffee at home? (Instant coffee),How do you brew coffee at home? (Bean-to-cup machine),How do you brew coffee at home? (Cold brew),How do you brew coffee at home? (Coffee extract (e.g. Cometeer)),How do you brew coffee at home? (Other),How else do you brew coffee at home?,"On the go, where do you typically purchase coffee?","On the go, where do you typically purchase coffee? (National chain (e.g. Starbucks, Dunkin))","On the go, where do you typically purchase coffee? (Local cafe)","On the go, where do you typically purchase coffee? (Drive-thru)","On the go, where do you typically purchase coffee? (Specialty coffee shop)","On the go, where do you typically purchase coffee? (Deli or supermarket)","On the go, where do you typically purchase coffee? (Other)",Where else do you purchase coffee?,What is your favorite coffee drink?,Please specify what your favorite coffee drink is,Do you usually add anything to your coffee?,Do you usually add anything to your coffee? (No - just black),"Do you usually add anything to your coffee? (Milk, dairy alternative, or coffee creamer)",Do you usually add anything to your coffee? (Sugar or sweetener),Do you usually add anything to your coffee? (Flavor syrup),Do you usually add anything to your coffee? (Other),What else do you add to your coffee?,What kind of dairy do you add?,What kind of dairy do you add? (Whole milk),What kind of dairy do you add? (Skim milk),What kind of dairy do you add? (Half and half),What kind of dairy do you add? (Coffee creamer),What kind of dairy do you add? (Flavored coffee creamer),What kind of dairy do you add? (Oat milk),What kind of dairy do you add? (Almond milk),What kind of dairy do you add? (Soy milk),What kind of dairy do you add? (Other),What kind of sugar or sweetener do you add?,What kind of sugar or sweetener do you add? (Granulated Sugar),"What kind of sugar or sweetener do you add? (Artificial Sweeteners (e.g., Splenda))",What kind of sugar or sweetener do you add? (Honey),What kind of sugar or sweetener do you add? (Maple Syrup),What kind of sugar or sweetener do you add? (Stevia),What kind of sugar or sweetener do you add? (Agave Nectar),What kind of sugar or sweetener do you add? (Brown Sugar),What kind of sugar or sweetener do you add? (Raw Sugar (Turbinado)),What kind of flavorings do you add?,What kind of flavorings do you add? (Vanilla Syrup),What kind of flavorings do you add? (Caramel Syrup),What kind of flavorings do you add? (Hazelnut Syrup),What kind of flavorings do you add? (Cinnamon (Ground or Stick)),What kind of flavorings do you add? (Peppermint Syrup),What kind of flavorings do you add? (Other),What other flavoring do you use?,flavor_preference,How strong do you like your coffee?,What roast level of coffee do you prefer?,How much caffeine do you like in your coffee?,expertise,Coffee A - Bitterness,Coffee A - Acidity,Coffee A - Personal Preference,Coffee A - Notes,Coffee B - Bitterness,Coffee B - Acidity,Coffee B - Personal Preference,Coffee B - Notes,Coffee C - Bitterness,Coffee C - Acidity,Coffee C - Personal Preference,Coffee C - Notes,Coffee D - Bitterness,Coffee D - Acidity,Coffee D - Personal Preference,Coffee D - Notes,"Between Coffee A, Coffee B, and Coffee C which did you prefer?","Between Coffee A and Coffee D, which did you prefer?",overall_favorite,Do you work from home or in person?,"In total, much money do you typically spend on coffee in a month?",Why do you drink coffee?,Why do you drink coffee? (It tastes good),Why do you drink coffee? (I need the caffeine),Why do you drink coffee? (I need the ritual),Why do you drink coffee? (It makes me go to the bathroom),Why do you drink coffee? (Other),Other reason for drinking coffee,Do you like the taste of coffee?,Do you know where your coffee comes from?,What is the most you've ever paid for a cup of coffee?,What is the most you'd ever be willing to pay for a cup of coffee?,Do you feel like you’re getting good value for your money when you buy coffee at a cafe?,Approximately how much have you spent on coffee equipment in the past 5 years?,Do you feel like you’re getting good value for your money with regards to your coffee equipment?,gender,Gender (please specify),Education Level,Ethnicity/Race,Ethnicity/Race (please specify),Employment Status,Number of Children,Political Affiliation
0Ej0WA,45-54 years old,2,At home,True,False,False,False,False,"Coffee extract (e.g. Cometeer), Pour over",True,False,False,False,False,False,False,False,True,False,,,,,,,,,,Pourover,,No - just black,True,False,False,False,False,,,,,,,,,,,,,,,,,,,,,,,,,,,,,Fruity,Somewhat light,Light,Full caffeine,8.0,4.0,3.0,3.0,,2.0,2.0,4.0,,3.0,2.0,3.0,,3.0,4.0,5.0,,Coffee B,Coffee D,Coffee D,I primarily work from home,>$100,"It tastes good, I need the caffeine",True,True,False,False,False,,Yes,Yes,$6-$8,$8-$10,No,$100-$300,Yes,Male,,Bachelor's degree,White/Caucasian,,Employed full-time,More than 3,Republican
9dJKR1,25-34 years old,2,At home,True,False,False,False,False,"Pour over, Espresso, Cold brew",True,False,True,False,False,False,False,True,False,False,,,,,,,,,,Pourover,,No - just black,True,False,False,False,False,,,,,,,,,,,,,,,,,,,,,,,,,,,,,Juicy,Very strong,Medium,Full caffeine,7.0,2.0,4.0,2.0,,3.0,2.0,5.0,,3.0,2.0,2.0,,3.0,3.0,5.0,,Coffee B,Coffee D,Coffee D,I primarily work from home,$40-$60,"It tastes good, I need the caffeine, I need the ritual",True,True,True,False,False,,Yes,No,$15-$20,More than $20,Yes,$300-$500,Yes,Male,,Bachelor's degree,Asian/Pacific Islander,,Employed full-time,,No affiliation
lNlXyB,45-54 years old,1,At the office,False,True,False,False,False,,,,,,,,,,,,,,,,,,,,,Americano,,"Milk, dairy alternative, or coffee creamer, Sugar or sweetener",False,True,True,False,False,,Half and half,False,False,True,False,False,False,False,False,False,Raw Sugar (Turbinado),False,False,False,False,False,False,False,True,,,,,,,,,Fruity,Medium,Medium,Full caffeine,5.0,1.0,4.0,5.0,"Caramel aftertaste, seemed *much* more acidic tasting in reverse order.  A lighter version of the Black and White. I would probably choose this as my everyday coffee. The caramel taste was much more pronounced once I added my typical half and half and turbinado.",3.0,3.0,4.0,"Thick mouthfeel, complex, licorice (?), blander tasting in reverse order.  Will recommend this one to a co-worker who has been looking for a darkish, heavier coffee.  It seems really well balanced.",3.0,2.0,2.0,"Nuts (?), sweeter tasting in reverse order, I wouldn't turn it down - it's a decent coffee - but I wouldn't say there's anything special about it.",2.0,5.0,4.0,"Thickish mouthfeel, orange (?), earthy tasting, a heavier version of Klatch. I would probably choose this as an occasional coffee to swap out the Klatch when I needed more ""wake up power"" in the morning.  Takes my normal half and half with turbinado well without being overwhelmed but doesn't really change the taste.",Coffee A,Coffee A,Coffee C,I primarily work in person,$20-$40,"I need the ritual, I need the caffeine, It tastes good, Other",True,True,True,False,True,"Comforting, warmth",Yes,Yes,$6-$8,$8-$10,Yes,$50-$100,Yes,Female,,Bachelor's degree,White/Caucasian,,Employed full-time,,Independent
g5NogM,45-54 years old,3,"At home, On the go, At the office",True,True,True,False,False,"Espresso, Coffee brewing machine (e.g. Mr. Coffee), Pod/capsule machine (e.g. Keurig/Nespresso), Instant coffee",False,False,True,True,True,True,False,False,False,False,,"Specialty coffee shop, Local cafe",False,True,False,True,False,False,,Cappuccino,,"Milk, dairy alternative, or coffee creamer, Sugar or sweetener",False,True,True,False,False,,"Oat milk, Half and half, Whole milk",True,False,True,False,False,True,False,False,False,"Raw Sugar (Turbinado), Artificial Sweeteners (e.g., Splenda)",False,True,False,False,False,False,False,True,,,,,,,,,Full Bodied,Somewhat strong,Medium,Full caffeine,7.0,2.0,2.0,5.0,"Sweet, hint of berry, hint of vanilla",2.0,4.0,4.0,,3.0,4.0,3.0,Earthy,5.0,5.0,1.0,apple cider vinegar ,Coffee A,Coffee A,Coffee A,I do a mix of both,$40-$60,"It tastes good, I need the caffeine, I need the ritual",True,True,True,False,False,,Yes,Yes,$10-$15,$4-$6,No,$500-$1000,Yes,Male,,Bachelor's degree,White/Caucasian,,Employed full-time,2,No affiliation
ylqb6X,25-34 years old,2,"At the office, At home",True,True,False,False,False,"Pour over, Espresso, Cold brew",True,False,True,False,False,False,False,True,False,False,,,,,,,,,,Latte,,"Milk, dairy alternative, or coffee creamer",False,True,False,False,False,,Half and half,False,False,True,False,False,False,False,False,False,,,,,,,,,,,,,,,,,,Full Bodied,Medium,Medium,Full caffeine,6.0,2.0,3.0,3.0,"Sweetness, Well rounded",5.0,2.0,4.0,"Bold? Chocolatey, Roasty",4.0,2.0,2.0,"Tonic, Bitter Bomb",2.0,5.0,5.0,"Fruity, Juicy, Bright, Berries, Funky",Coffee B,Coffee D,Coffee D,I do a mix of both,$20-$40,It tastes good,True,False,False,False,False,,Yes,Yes,$10-$15,$10-$15,Yes,$500-$1000,Yes,Male,,Bachelor's degree,White/Caucasian,,Employed full-time,,Democrat
XeBPa4,55-64 years old,2,At home,True,False,False,False,False,"Coffee brewing machine (e.g. Mr. Coffee), Other",False,False,False,True,False,False,False,False,False,True,Aeropress,,,,,,,,,Regular drip coffee,,No - just black,True,False,False,False,False,,,,,,,,,,,,,,,,,,,,,,,,,,,,,Bold,Somewhat strong,Dark,Full caffeine,5.0,1.0,3.0,3.0,"It seemed very plain when hot, got more acid as it cooled.  It reminded me of chicory and I don't like that generally.",2.0,3.0,5.0,"Very smooth when hot, got a bit fruity aftertaste as it cooled.",3.0,4.0,4.0,"Definitely better hot.  It was very smooth, and my second favorite.",3.0,4.0,1.0,"Too fruity, almost rancid flavor.  Did not like it, hot or cold.",Coffee B,Coffee A,Coffee B,I primarily work from home,$20-$40,It tastes good,True,False,False,False,False,,Yes,Yes,$8-$10,$8-$10,Yes,$50-$100,Yes,Female,,Bachelor's degree,White/Caucasian,,Retired,2,No affiliation
42N0dB,35-44 years old,3,"At the office, At a cafe",False,True,False,True,False,,,,,,,,,,,,,,,,,,,,,Iced coffee,,"Milk, dairy alternative, or coffee creamer",False,True,False,False,False,,Flavored coffee creamer,False,False,False,False,True,False,False,False,False,,,,,,,,,,,,,,,,,,Fruity,Medium,Medium,Full caffeine,3.0,1.0,4.0,3.0,"Started funky almost fermented, light but very acidic

I would make cold brew with this",3.0,1.0,4.0,"""this takes like coffee""

Just very much a good coffee, brown, very pleasant ",2.0,3.0,3.0,"Light fruity, great finish",4.0,5.0,1.0,"Sour, tasted very different from the others",Coffee C,Coffee A,Coffee C,I primarily work from home,$20-$40,"I need the caffeine, It tastes good",True,True,False,False,False,,Yes,No,$6-$8,$8-$10,Yes,$100-$300,Yes,Male,,Bachelor's degree,White/Caucasian,,Employed full-time,3,Democrat
OA8zZg,35-44 years old,3,"At home, On the go, At the office",True,True,True,False,False,"French press, Espresso",False,True,True,False,False,False,False,False,False,False,,"Specialty coffee shop, National chain (e.g. Starbucks, Dunkin), Drive-thru",True,False,True,True,False,False,,Latte,,"Milk, dairy alternative, or coffee creamer, Sugar or sweetener, Flavor syrup",False,True,True,True,False,,"Whole milk, Half and half",True,False,True,False,False,False,False,False,False,"Granulated Sugar, Honey, Maple Syrup",True,False,True,True,False,False,False,False,,,,,,,,,Nutty,Medium,Medium,Full caffeine,8.0,2.0,3.0,3.0,,3.0,2.0,4.0,,2.0,2.0,5.0,,2.0,4.0,2.0,,Coffee C,Coffee A,Coffee C,I do a mix of both,$60-$80,"It tastes good, I need the ritual",True,False,True,False,False,,Yes,Yes,$10-$15,$4-$6,No,$500-$1000,Yes,Female,,,,,Employed full-time,,
PA82QV,25-34 years old,1,"At home, At the office, On the go, At a cafe",True,True,True,True,False,"Other, Pod/capsule machine (e.g. Keurig/Nespresso), Coffee brewing machine (e.g. Mr. Coffee)",False,False,False,True,True,False,False,False,False,True,Aeropress,"National chain (e.g. Starbucks, Dunkin)",True,False,False,False,False,False,,Latte,,"Milk, dairy alternative, or coffee creamer",False,True,False,False,False,,Whole milk,True,False,False,False,False,False,False,False,False,,,,,,,,,,,,,,,,,,Bold,Somewhat strong,Light,Full caffeine,5.0,2.0,4.0,2.0,,4.0,3.0,3.0,,2.0,3.0,4.0,,4.0,5.0,1.0,,Coffee B,Coffee A,Coffee B,I do a mix of both,$40-$60,"It tastes good, I need the caffeine, I need the ritual",True,True,True,False,False,,Yes,Yes,$8-$10,$15-$20,No,$50-$100,Yes,Female,,Doctorate or professional degree,White/Caucasian,,Employed full-time,,Democrat
aBjMgv,18-24 years old,1,At home,True,False,False,False,False,Espresso,False,False,True,False,False,False,False,False,False,False,,,,,,,,,,Latte,,"Milk, dairy alternative, or coffee creamer",False,True,False,False,False,,Whole milk,True,False,False,False,False,False,False,False,False,,,,,,,,,,,,,,,,,,Full Bodied,Medium,Medium,Full caffeine,6.0,2.0,3.0,3.0,Punchy flavor on first sip. It falls apart a little as it cools down. It's almost a little too sharp.,3.0,2.0,4.0,"Very balanced, simple and casual coffee to drink. Its only downfall might be that it's a little too basic and lacks more fun flavors or complexity like the other coffees. This nails the fundamentals of what makes a good coffee good but won't win any contests because it's not experimental. ",2.0,3.0,5.0,Feels like a more balanced version of Coffee A. The flavor isn't as punchy on the sip like coffee A and that's a good thing. The flavor builds after the sip and the aftertaste is quite pleasant. it holds up well to its taste as it cools too. ,2.0,5.0,1.0,This coffee is frankly rancid. It tastes like it's rotten and quite unpleasant to drink,Coffee B,Coffee A,Coffee C,I do a mix of both,$20-$40,"It tastes good, I need the caffeine, I need the ritual, It makes me go to the bathroom",True,True,True,True,False,,Yes,No,$4-$6,$6-$8,No,$100-$300,Yes,Male,,Master's degree,Asian/Pacific Islander,,Employed full-time,,Democrat
LdM2zJ,45-54 years old,2,At home,True,False,False,False,False,Pour over,True,False,False,False,False,False,False,False,False,False,,,,,,,,,,Pourover,,No - just black,True,False,False,False,False,,,,,,,,,,,,,,,,,,,,,,,,,,,,,Fruity,Very strong,Light,Full caffeine,8.0,3.0,5.0,5.0,"Fruity , Bright",4.0,2.0,2.0,Chocolate/nutty,4.0,4.0,2.0,Chocolate /nutty,3.0,5.0,5.0,"Bright, fruity ",Coffee A,Coffee A,Coffee A,I primarily work from home,$60-$80,"It tastes good, I need the ritual",True,False,True,False,False,,Yes,Yes,$6-$8,$8-$10,No,"More than $1,000",Yes,Male,,Bachelor's degree,White/Caucasian,,Employed full-time,1,No affiliation
5dqAKb,25-34 years old,1,"At home, At the office",True,True,False,False,False,"Pour over, Pod/capsule machine (e.g. Keurig/Nespresso)",True,False,False,False,True,False,False,False,False,False,,,,,,,,,,Pourover,,No - just black,True,False,False,False,False,,,,,,,,,,,,,,,,,,,,,,,,,,,,,Sweet,Medium,Medium,Full caffeine,3.0,3.0,3.0,3.0,"I thought this one was some sort of sweet, but not a citrus acidic ""sweet"". I thought of cherries.",3.0,2.0,2.0,Seemed to get less bitter and significantly less what I thought was acidic as it cooled. I noted earthy taste.,3.0,4.0,2.0,"Originally I thought middle of the road acidity level, but I increased my rating as it cooled. I struggled to come up with any notes on this one.",2.0,5.0,5.0,"Had a bit of a sour feel on my tongue. Tasted smooth, flavorful and interesting. I think it was the most unique which caught my attention.",Coffee A,Coffee D,Coffee D,I primarily work from home,$20-$40,"I need the caffeine, It makes me go to the bathroom, It tastes good",True,True,False,True,False,,Yes,Yes,$6-$8,$6-$8,No,$300-$500,Yes,Male,,Bachelor's degree,White/Caucasian,,Employed full-time,,No affiliation
jB98M9,25-34 years old,2,At home,True,False,False,False,False,Pour over,True,False,False,False,False,False,False,False,False,False,,,,,,,,,,Pourover,,No - just black,True,False,False,False,False,,,,,,,,,,,,,,,,,,,,,,,,,,,,,Sweet,Medium,Nordic,Full caffeine,7.0,1.0,5.0,5.0,Lime,4.0,1.0,2.0,"Peanut, caramel",2.0,3.0,3.0,Brown sugar,1.0,4.0,4.0,Blueberry,Coffee A,Coffee A,Coffee A,I primarily work in person,$40-$60,It tastes good,True,False,False,False,False,,Yes,Yes,$15-$20,More than $20,No,$300-$500,Yes,Male,,Bachelor's degree,White/Caucasian,,Employed full-time,,Democrat
GrYz2j,35-44 years old,2,"At home, At a cafe",True,False,False,True,False,"Pour over, Espresso",True,False,True,False,False,False,False,False,False,False,,,,,,,,,,Espresso,,No - just black,True,False,False,False,False,,,,,,,,,,,,,,,,,,,,,,,,,,,,,Bright,Very strong,Light,Full caffeine,7.0,2.0,5.0,5.0,"Apple, stone fruit, winey",3.0,2.0,4.0,"Dark chocolate, smoky",4.0,2.0,3.0,"Rich, milk chocolate, black tea like",3.0,4.0,5.0,"Complex, blueberry, honey",Coffee A,Coffee D,Coffee D,I primarily work from home,$60-$80,It tastes good,True,False,False,False,False,,Yes,Yes,$10-$15,More than $20,Yes,"More than $1,000",Yes,Male,,Master's degree,White/Caucasian,,Employed full-time,,No affiliation
7d9krR,55-64 years old,1,At home,True,False,False,False,False,"Bean-to-cup machine, Pour over, Pod/capsule machine (e.g. Keurig/Nespresso)",True,False,False,False,True,False,True,False,False,False,,,,,,,,,,Latte,,"Milk, dairy alternative, or coffee creamer",False,True,False,False,False,,Almond milk,False,False,False,False,False,False,True,False,False,,,,,,,,,,,,,,,,,,Caramalized,Medium,Light,Full caffeine,8.0,2.0,5.0,3.0,"Fruity, Asian Pear",4.0,2.0,3.0,"Chocolate, well balanced",4.0,1.0,4.0,"Lighter body, notes of purple plums, excellent balance ",1.0,4.0,3.0,"Bacon when hot, notes of pomegranate after it opens up",Coffee C,Coffee A,Coffee C,I primarily work from home,$20-$40,"It tastes good, I need the caffeine",True,True,False,False,False,,Yes,Yes,$6-$8,$8-$10,Yes,$300-$500,Yes,Male,,Bachelor's degree,White/Caucasian,,Employed full-time,2,No affiliation
QAxe0G,25-34 years old,1,At home,True,False,False,False,False,"French press, Coffee brewing machine (e.g. Mr. Coffee)",False,True,False,True,False,False,False,False,False,False,,,,,,,,,,Latte,,No - just black,True,False,False,False,False,,,,,,,,,,,,,,,,,,,,,,,,,,,,,Full Bodied,Somewhat strong,Medium,Half caff,3.0,4.0,1.0,3.0,,4.0,3.0,4.0,,3.0,4.0,2.0,,2.0,5.0,1.0,,Coffee B,Coffee A,Coffee B,I primarily work from home,<$20,It tastes good,True,False,False,False,False,,Yes,No,$6-$8,$6-$8,Yes,$500-$1000,Yes,Female,,Bachelor's degree,White/Caucasian,,Homemaker,2,No affiliation
pL4eYB,25-34 years old,1,"At the office, At home",True,True,False,False,False,Pour over,True,False,False,False,False,False,False,False,False,False,,,,,,,,,,Regular drip coffee,,"Milk, dairy alternative, or coffee creamer",False,True,False,False,False,,Half and half,False,False,True,False,False,False,False,False,False,,,,,,,,,,,,,,,,,,Nutty,Medium,Medium,Decaf,3.0,2.0,4.0,1.0,"Light, fruity, cherry",2.0,3.0,3.0,Coffee-flavored. Dimmer than Equator.,1.0,2.0,5.0,Slight bitter aftertaste. Green apple.,4.0,5.0,1.0,Ghastly. Fermented fruit.,Coffee C,Coffee A,Coffee C,I primarily work in person,$20-$40,It tastes good,True,False,False,False,False,,Yes,No,$8-$10,$10-$15,Yes,$300-$500,Yes,Female,,Bachelor's degree,Asian/Pacific Islander,,Employed full-time,,Democrat
1r2oVQ,25-34 years old,2,At home,True,False,False,False,False,Pour over,True,False,False,False,False,False,False,False,False,False,,,,,,,,,,Pourover,,No - just black,True,False,False,False,False,,,,,,,,,,,,,,,,,,,,,,,,,,,,,Bright,Medium,Light,Full caffeine,9.0,2.0,4.0,4.0,"Caramel, juicy mouthfeel, fresh fruit",4.0,4.0,1.0,"Roast, bbq, char",3.0,2.0,3.0,"Black tea, tannins",2.0,3.0,5.0,"Berries, fruity dark chocolate, green vegetables, jammy fruit",Coffee A,Coffee D,Coffee B,I primarily work from home,$40-$60,"It tastes good, I need the caffeine, I need the ritual",True,True,True,False,False,,Yes,Yes,$15-$20,More than $20,Yes,$300-$500,Yes,Male,,Master's degree,White/Caucasian,,Employed full-time,,Democrat
1rGdqL,35-44 years old,2,At home,True,False,False,False,False,"Pour over, Espresso",True,False,True,False,False,False,False,False,False,False,,,,,,,,,,Espresso,,No - just black,True,False,False,False,False,,,,,,,,,,,,,,,,,,,,,,,,,,,,,Full Bodied,Somewhat strong,Light,Full caffeine,6.0,3.0,5.0,5.0,Caramel,2.0,2.0,2.0,Chocolate,3.0,3.0,3.0,,4.0,3.0,4.0,,Coffee A,Coffee A,Coffee A,I primarily work from home,$40-$60,"It tastes good, I need the caffeine, I need the ritual, It makes me go to the bathroom",True,True,True,True,False,,Yes,Yes,$10-$15,More than $20,Yes,"More than $1,000",Yes,Male,,Bachelor's degree,White/Caucasian,,Employed full-time,2,Democrat
xdN57r,35-44 years old,1,"At home, At the office",True,True,False,False,False,"Espresso, Pour over, Bean-to-cup machine, French press",True,True,True,False,False,False,True,False,False,False,,,,,,,,,,Espresso,,"Milk, dairy alternative, or coffee creamer, Sugar or sweetener",False,True,True,False,False,,Half and half,False,False,True,False,False,False,False,False,False,"Raw Sugar (Turbinado), Granulated Sugar",True,False,False,False,False,False,False,True,,,,,,,,,Chocolatey,Medium,Medium,Full caffeine,7.0,1.0,4.0,2.0,,3.0,2.0,4.0,,3.0,2.0,3.0,,3.0,4.0,3.0,,Coffee B,Coffee D,Coffee B,I primarily work in person,<$20,It tastes good,True,False,False,False,False,,Yes,Yes,$6-$8,$4-$6,Yes,$100-$300,Yes,Male,,Some college or associate's degree,Black/African American,,Employed full-time,,Independent
OABNQk,25-34 years old,1,At home,True,False,False,False,False,"Pour over, Coffee extract (e.g. Cometeer)",True,False,False,False,False,False,False,False,True,False,,,,,,,,,,Pourover,,No - just black,True,False,False,False,False,,,,,,,,,,,,,,,,,,,,,,,,,,,,,Fruity,Medium,Light,Full caffeine,7.0,1.0,5.0,4.0,"Bright, light, fruity, red berries",4.0,3.0,2.0,"Dark, chocolate, dirt, unbalanced, light body, smoky",4.0,3.0,1.0,"Dark, burnt, bacon, semi-hollow",1.0,4.0,5.0,"Funky, round, full body, fruity, balanced",Coffee A,Coffee D,Coffee D,I primarily work from home,$80-$100,It tastes good,True,False,False,False,False,,Yes,Yes,$10-$15,More than $20,Yes,$500-$1000,Yes,Female,,Bachelor's degree,White/Caucasian,,Employed part-time,,Democrat
g5WjNP,25-34 years old,Less than 1,At home,True,False,False,False,False,"Pod/capsule machine (e.g. Keurig/Nespresso), Coffee brewing machine (e.g. Mr. Coffee)",False,False,False,True,True,False,False,False,False,False,,,,,,,,,,Cold brew,,"Milk, dairy alternative, or coffee creamer, Flavor syrup",False,True,False,True,False,,"Oat milk, Almond milk",False,False,False,False,False,True,True,False,False,,,,,,,,,,,,,,,,,,Chocolatey,Medium,Blonde,Half caff,6.0,2.0,4.0,1.0,,3.0,3.0,3.0,,4.0,2.0,2.0,,2.0,5.0,1.0,,Coffee B,Coffee A,Coffee B,I primarily work from home,<$20,It tastes good,True,False,False,False,False,,Yes,No,$6-$8,$8-$10,No,$300-$500,Yes,Male,,Master's degree,White/Caucasian,,Employed full-time,,Democrat
rl2Djp,35-44 years old,More than 4,"At home, On the go",True,False,True,False,False,"Pour over, Espresso, Pod/capsule machine (e.g. Keurig/Nespresso), Coffee brewing machine (e.g. Mr. Coffee), French press, Instant coffee, Cold brew",True,True,True,True,True,True,False,True,False,False,,"Local cafe, Specialty coffee shop, National chain (e.g. Starbucks, Dunkin), Drive-thru",True,True,True,True,False,False,,Cortado,,No - just black,True,False,False,False,False,,,,,,,,,,,,,,,,,,,,,,,,,,,,,Sweet,Somewhat strong,Light,Full caffeine,8.0,2.0,5.0,2.0,"bright, hay, straw, fruity, light, clear, tea",3.0,2.0,4.0,"chocolate, stale, bland, balanced",3.0,3.0,4.0,"balanced, smooth, heavy, full bodied",1.0,4.0,1.0,"grass, bright, fruit, weak, adventurous",Coffee C,Coffee A,Coffee C,I primarily work from home,$60-$80,"It tastes good, I need the caffeine, I need the ritual",True,True,True,False,False,,Yes,Yes,$6-$8,$8-$10,No,$300-$500,Yes,Male,,Doctorate or professional degree,White/Caucasian,,Employed full-time,,Independent
24x9Zj,35-44 years old,1,At home,True,False,False,False,False,Other,False,False,False,False,False,False,False,False,False,True,Aeropress,,,,,,,,,Other,Aeropress,No - just black,True,False,False,False,False,,,,,,,,,,,,,,,,,,,,,,,,,,,,,Juicy,Somewhat strong,Medium,Full caffeine,2.0,3.0,4.0,4.0,,4.0,2.0,2.0,Chocolate,2.0,1.0,1.0,"Flat, nothing",2.0,5.0,3.0,Fruity funk,Coffee A,Coffee A,Coffee A,I primarily work in person,$20-$40,"It tastes good, I need the ritual",True,False,True,False,False,,Yes,Yes,$6-$8,$8-$10,Yes,"More than $1,000",Yes,Male,,Master's degree,White/Caucasian,,Employed full-time,,Democrat
xd9x9d,18-24 years old,1,"At home, At a cafe, At the office",True,True,False,True,False,"Pour over, French press",True,True,False,False,False,False,False,False,False,False,,,,,,,,,,Cold brew,,"No - just black, Flavor syrup",True,False,False,True,False,,,,,,,,,,,,,,,,,,,,,,,,,,,,,Chocolatey,Medium,Medium,Full caffeine,8.0,4.0,5.0,4.0,fruity,5.0,1.0,5.0,creamy soft chocolate earthy,2.0,1.0,3.0,didnt really taste much,4.0,5.0,1.0,did not like this at all raspberry bitter fruit,Coffee B,Coffee A,Coffee B,I primarily work from home,$20-$40,"It tastes good, I need the caffeine, I need the ritual, It makes me go to the bathroom",True,True,True,True,False,,Yes,Yes,$6-$8,$8-$10,Yes,$20-$50,Yes,Female,,Bachelor's degree,Asian/Pacific Islander,,Employed full-time,,
GrBAM2,45-54 years old,2,"At home, At the office",True,True,False,False,False,"Pour over, Espresso, Coffee brewing machine (e.g. Mr. Coffee), Cold brew",True,False,True,True,False,False,False,True,False,False,,,,,,,,,,Pourover,,No - just black,True,False,False,False,False,,,,,,,,,,,,,,,,,,,,,,,,,,,,,Fruity,Somewhat strong,Light,Full caffeine,7.0,2.0,3.0,4.0,more acidity as it cools. Actually a 3.5 on acidity scale. Sweetness. Caramel? Candy? Maybe pumpkin or something? brightness.,3.0,2.0,3.0,"darker, roastier. maybe chocolate? not sure. Definitely on the darker end.",3.0,2.0,2.0,"slight nuttiness, slight fruitiness. A little chocolate? darker roast.",1.0,4.0,5.0,"Definitely fruity. Bright, vibrant, delightful. Maybe a bit of peach in there?",Coffee A,Coffee D,Coffee D,I primarily work in person,$80-$100,It tastes good,True,False,False,False,False,,Yes,Yes,$15-$20,More than $20,No,$500-$1000,Yes,Male,,Doctorate or professional degree,White/Caucasian,,Employed full-time,2,Independent
bl4pNL,18-24 years old,1,"At home, At the office",True,True,False,False,False,Espresso,False,False,True,False,False,False,False,False,False,False,,,,,,,,,,Iced coffee,,"Milk, dairy alternative, or coffee creamer, Sugar or sweetener",False,True,True,False,False,,Whole milk,True,False,False,False,False,False,False,False,False,"Artificial Sweeteners (e.g., Splenda), Stevia",False,True,False,False,True,False,False,False,,,,,,,,,Full Bodied,Somewhat strong,Dark,Full caffeine,7.0,3.0,2.0,4.0,,5.0,2.0,1.0,,4.0,3.0,2.0,,2.0,5.0,4.0,,Coffee A,Coffee D,Coffee D,I do a mix of both,$20-$40,"I need the caffeine, It tastes good, I need the ritual",True,True,True,False,False,,Yes,Yes,$8-$10,$8-$10,No,$500-$1000,Yes,Male,,Bachelor's degree,Other (please specify),"white, asian",Employed full-time,,No affiliation
OAB648,25-34 years old,2,"At a cafe, At the office, At home",True,True,False,True,False,"French press, Espresso, Pour over, Cold brew",True,True,True,False,False,False,False,True,False,False,,,,,,,,,,Cortado,,"Milk, dairy alternative, or coffee creamer, No - just black",True,True,False,False,False,,"Oat milk, Coffee creamer, Almond milk",False,False,False,True,False,True,True,False,False,,,,,,,,,,,,,,,,,,Bold,Somewhat strong,Dark,Full caffeine,6.0,2.0,4.0,4.0,,1.0,3.0,3.0,,4.0,2.0,3.0,,3.0,4.0,5.0,,Coffee A,Coffee D,Coffee D,I do a mix of both,$60-$80,"It tastes good, I need the ritual, I need the caffeine",True,True,True,False,False,,Yes,Yes,$10-$15,More than $20,Yes,$300-$500,Yes,Male,,Bachelor's degree,White/Caucasian,,Employed full-time,,Democrat
7dEobZ,25-34 years old,3,"At home, At a cafe",True,False,False,True,False,"Pour over, Other",True,False,False,False,False,False,False,False,False,True,Aeropress ,,,,,,,,,Regular drip coffee,,No - just black,True,False,False,False,False,,,,,,,,,,,,,,,,,,,,,,,,,,,,,Fruity,Somewhat light,Light,Full caffeine,7.0,4.0,2.0,4.0,"Hazelnut, caramel",3.0,3.0,2.0,"Smoky, Dark Chocolate",4.0,2.0,2.0,"Earthy, dark chocolate",3.0,4.0,4.0,"Raspberry, blueberry",Coffee A,Coffee D,Coffee D,I primarily work from home,$40-$60,"It tastes good, I need the ritual",True,False,True,False,False,,Yes,Yes,$6-$8,$8-$10,No,$300-$500,Yes,Male,,Bachelor's degree,White/Caucasian,,Employed full-time,,Independent
lN0LKk,18-24 years old,2,"On the go, At the office, At a cafe, At home",True,True,True,True,False,"Pour over, Cold brew, Coffee extract (e.g. Cometeer), French press",True,True,False,False,False,False,False,True,True,False,,"Other, Local cafe",False,True,False,False,False,True,"Online (Amazon, Cometeer, Sey, Stumptown, Oren's Coffee, etc.)",Americano,,No - just black,True,False,False,False,False,,,,,,,,,,,,,,,,,,,,,,,,,,,,,Full Bodied,Somewhat strong,Light,Half caff,7.0,1.0,4.0,5.0,,2.0,2.0,4.0,,2.0,2.0,4.0,,1.0,2.0,3.0,,Coffee A,Coffee A,Coffee A,I do a mix of both,$20-$40,"It tastes good, I need the caffeine, I need the ritual",True,True,True,False,False,,Yes,Yes,$4-$6,$4-$6,No,$300-$500,Yes,Male,,Bachelor's degree,Asian/Pacific Islander,,Unemployed,,Democrat
5dE4eE,18-24 years old,2,"At the office, On the go, At home, At a cafe",True,True,True,True,False,"French press, Espresso, Other, Pour over",True,True,True,False,False,False,False,False,False,True,Aeropress,"National chain (e.g. Starbucks, Dunkin), Local cafe, Specialty coffee shop",True,True,False,True,False,False,,Latte,,"Milk, dairy alternative, or coffee creamer, Sugar or sweetener",False,True,True,False,False,,"Oat milk, Half and half, Whole milk",True,False,True,False,False,True,False,False,False,Raw Sugar (Turbinado),False,False,False,False,False,False,False,True,,,,,,,,,Bold,Very strong,Medium,Full caffeine,6.0,2.0,3.0,3.0,Lots of apple and citrus,3.0,2.0,5.0,Very nutty and almost smokey,2.0,4.0,3.0,A little taste of berries. Hard to place.,1.0,4.0,2.0,"Funky, sour, might be fermented.",Coffee B,Coffee A,Coffee B,I primarily work in person,$40-$60,"It tastes good, I need the caffeine, I need the ritual",True,True,True,False,False,,Yes,Yes,$6-$8,$6-$8,Yes,$50-$100,Yes,Male,,High school graduate,White/Caucasian,,Employed part-time,,No affiliation
EPbOJN,18-24 years old,2,"At home, At the office, At a cafe",True,True,False,True,False,"Espresso, Pod/capsule machine (e.g. Keurig/Nespresso)",False,False,True,False,True,False,False,False,False,False,,,,,,,,,,Iced coffee,,Sugar or sweetener,False,False,True,False,False,,,,,,,,,,,,Granulated Sugar,True,False,False,False,False,False,False,False,,,,,,,,,Fruity,Medium,Blonde,Full caffeine,4.0,3.0,4.0,4.0,"Woody, full, light",4.0,3.0,3.0,Tonic,5.0,2.0,1.0,Bark,3.0,5.0,5.0,"Fruity, berries",Coffee A,Coffee D,Coffee D,I primarily work in person,$40-$60,"It tastes good, I need the caffeine, I need the ritual",True,True,True,False,False,,Yes,No,$8-$10,$8-$10,Yes,$300-$500,Yes,Male,,Bachelor's degree,White/Caucasian,,Employed full-time,,Democrat
7dJKYz,25-34 years old,2,At home,True,False,False,False,False,"Cold brew, Pour over, Other",True,False,False,False,False,False,False,True,False,True,Aeropress,,,,,,,,,Iced coffee,,No - just black,True,False,False,False,False,,,,,,,,,,,,,,,,,,,,,,,,,,,,,Fruity,Somewhat strong,Light,Full caffeine,6.0,2.0,4.0,4.0,"Citrus, Jasmine",4.0,2.0,3.0,"Nuts, Chocolate",1.0,1.0,1.0,Green tea,1.0,4.0,5.0,"Pear, Lychee",Coffee A,Coffee D,Coffee D,I primarily work from home,$40-$60,"It tastes good, I need the caffeine, I need the ritual, It makes me go to the bathroom",True,True,True,True,False,,Yes,Yes,$6-$8,$6-$8,No,$300-$500,Yes,Male,,Master's degree,White/Caucasian,,Employed full-time,,Democrat
g5Wqll,25-34 years old,2,"At home, At the office, On the go, At a cafe",True,True,True,True,False,"Espresso, Coffee extract (e.g. Cometeer)",False,False,True,False,False,False,False,False,True,False,,"Specialty coffee shop, Local cafe",False,True,False,True,False,False,,Americano,,No - just black,True,False,False,False,False,,,,,,,,,,,,,,,,,,,,,,,,,,,,,Chocolatey,Medium,Medium,Full caffeine,7.0,2.0,4.0,3.0,Caramel,4.0,1.0,3.0,"Burnt toast, nuts, dark chocolate",4.0,3.0,4.0,"Caramel
BBQ pork",2.0,3.0,3.0,Berry,Coffee C,Coffee D,Coffee C,I primarily work from home,$20-$40,"It tastes good, It makes me go to the bathroom",True,False,False,True,False,,Yes,Yes,$4-$6,$6-$8,Yes,"More than $1,000",Yes,Male,,Doctorate or professional degree,White/Caucasian,,Employed full-time,,Democrat
KMBjGK,35-44 years old,2,"At home, At the office",True,True,False,False,False,"Espresso, Pour over",True,False,True,False,False,False,False,False,False,False,,,,,,,,,,Latte,,"No - just black, Milk, dairy alternative, or coffee creamer, Flavor syrup",True,True,False,True,False,,"Skim milk, Oat milk",False,True,False,False,False,True,False,False,False,,,,,,,,,,,,,,,,,,Full Bodied,Somewhat strong,Medium,Full caffeine,3.0,2.0,4.0,4.0,Creamy?,3.0,2.0,3.0,Thin?,2.0,3.0,3.0,,2.0,2.0,4.0,Fruity?,Coffee A,Coffee A,Coffee A,I primarily work from home,$20-$40,"It tastes good, I need the caffeine, It makes me go to the bathroom",True,True,False,True,False,,Yes,No,$6-$8,$6-$8,Yes,$300-$500,Yes,Male,,Bachelor's degree,White/Caucasian,,Employed full-time,,Democrat
WAeyxR,25-34 years old,1,At home,True,False,False,False,False,"Espresso, Pour over",True,False,True,False,False,False,False,False,False,False,,,,,,,,,,Pourover,,No - just black,True,False,False,False,False,,,,,,,,,,,,,,,,,,,,,,,,,,,,,Juicy,Medium,Light,Full caffeine,9.0,3.0,4.0,4.0,,2.0,2.0,3.0,,3.0,3.0,4.0,,2.0,5.0,5.0,,Coffee A,Coffee D,Coffee D,I primarily work from home,$40-$60,It tastes good,True,False,False,False,False,,Yes,Yes,$8-$10,$8-$10,No,"More than $1,000",Yes,Male,,Bachelor's degree,White/Caucasian,,Employed full-time,,Democrat
WAp79L,25-34 years old,Less than 1,At home,True,False,False,False,False,Espresso,False,False,True,False,False,False,False,False,False,False,,,,,,,,,,Cappuccino,,"Milk, dairy alternative, or coffee creamer, Sugar or sweetener",False,True,True,False,False,,Whole milk,True,False,False,False,False,False,False,False,False,"Granulated Sugar, Honey",True,False,True,False,False,False,False,False,,,,,,,,,Full Bodied,Somewhat strong,Medium,Full caffeine,7.0,2.0,5.0,4.0,"Pineapple
Grass Skirts
Hula",4.0,2.0,5.0,"Roasted Brazil Nuts
Smokey and Oaky
Woodland Campfire",2.0,2.0,1.0,"Swamp Lite
Shrek Sweat
Peanut Butter",3.0,5.0,3.0,"Raspberry Lime Tonic Water
Fermented Fruit
Fruity Coffee Tea",Coffee B,Coffee A,Coffee B,I primarily work from home,$20-$40,It tastes good,True,False,False,False,False,,Yes,No,$6-$8,$6-$8,No,$50-$100,Yes,Male,,Some college or associate's degree,Other (please specify),Caucasian ,,,
QABNkG,35-44 years old,1,At home,True,False,False,False,False,"Pour over, Cold brew",True,False,False,False,False,False,False,True,False,False,,,,,,,,,,Cappuccino,,"Milk, dairy alternative, or coffee creamer",False,True,False,False,False,,Half and half,False,False,True,False,False,False,False,False,False,,,,,,,,,,,,,,,,,,Chocolatey,Somewhat strong,Medium,Full caffeine,7.0,2.0,4.0,1.0,"Sour berries, currants, tea-like",4.0,1.0,1.0,Tastes like cigarettes smell,3.0,1.0,4.0,Dark chocolate; nutty,1.0,5.0,2.0,Sour apples,Coffee C,Coffee A,Coffee C,I primarily work from home,$20-$40,"It tastes good, I need the caffeine",True,True,False,False,False,,Yes,Yes,$4-$6,$4-$6,No,$300-$500,Yes,Male,,Doctorate or professional degree,White/Caucasian,,Employed part-time,2,Democrat
blNVJE,25-34 years old,2,"At home, At a cafe",True,False,False,True,False,Other,False,False,False,False,False,False,False,False,False,True,aeropress,,,,,,,,,Americano,,No - just black,True,False,False,False,False,,,,,,,,,,,,,,,,,,,,,,,,,,,,,Chocolatey,Medium,Medium,Full caffeine,6.0,2.0,4.0,2.0,"honey, syrup",3.0,1.0,5.0,toasted bagel,4.0,2.0,4.0,,1.0,5.0,1.0,lemon,Coffee B,Coffee A,Coffee B,I primarily work from home,$40-$60,"I need the ritual, I need the caffeine, It tastes good",True,True,True,False,False,,Yes,Yes,$8-$10,$8-$10,Yes,$100-$300,Yes,Male,,Bachelor's degree,White/Caucasian,,Employed full-time,,Democrat
VZ1Kkj,35-44 years old,2,"At home, At a cafe",True,False,False,True,False,"Pour over, French press, Cold brew, Other",True,True,False,False,False,False,False,True,False,True,Chemex,,,,,,,,,Cold brew,,"Milk, dairy alternative, or coffee creamer",False,True,False,False,False,,Half and half,False,False,True,False,False,False,False,False,False,,,,,,,,,,,,,,,,,,Fruity,Medium,Medium,Full caffeine,7.0,2.0,4.0,2.0,"It was enjoyable piping hot, but as it cooled the sourness took over and combined with the body it almost made me think of egg drop soup.",3.0,2.0,4.0,"Solid, darker, nice choclate",2.0,2.0,4.0,"Of the four, this one felt like the best ""daily driver."" Like, this is a coffee that would be a good house roast at a coffee shop or upscale diner. Well balanced, stayed enjoyable throughout the temperature range",2.0,4.0,5.0,"This was an adventure! It felt the most ""coffee nerd"" of the bunch, if you will. I had two other friends doing the tasting, and I knew which one would like it and hate it the second I tasted. Love the strong berry notes to it, went through a phase when cooling where it reminded me of crunchberries from the serial? strawberry flavored things, but not the fresh fruit?",Coffee C,Coffee D,Coffee D,I primarily work from home,$20-$40,"It tastes good, I need the ritual",True,False,True,False,False,,Yes,Yes,$8-$10,More than $20,No,$100-$300,Yes,Male,,Some college or associate's degree,White/Caucasian,,Employed full-time,,Democrat
PA8jy5,35-44 years old,2,"On the go, At home, At the office",True,True,True,False,False,"Pod/capsule machine (e.g. Keurig/Nespresso), Pour over",True,False,False,False,True,False,False,False,False,False,,Local cafe,False,True,False,False,False,False,,Latte,,"Milk, dairy alternative, or coffee creamer",False,True,False,False,False,,Flavored coffee creamer,False,False,False,False,True,False,False,False,False,,,,,,,,,,,,,,,,,,Sweet,Medium,Light,Full caffeine,3.0,3.0,4.0,3.0,,3.0,3.0,2.0,,2.0,3.0,4.0,,1.0,3.0,5.0,,Coffee C,Coffee D,Coffee D,I primarily work in person,$20-$40,"I need the caffeine, I need the ritual, It tastes good",True,True,True,False,False,,Yes,Yes,$4-$6,$4-$6,Yes,$50-$100,Yes,Female,,Bachelor's degree,Asian/Pacific Islander,,Employed part-time,,Independent
RzBypp,25-34 years old,2,"At home, At a cafe",True,False,False,True,False,"Espresso, Pour over, Other",True,False,True,False,False,False,False,False,False,True,"Moka Pot, sometimes Bripe",,,,,,,,,Espresso,,No - just black,True,False,False,False,False,,,,,,,,,,,,,,,,,,,,,,,,,,,,,Fruity,Somewhat strong,Medium,Full caffeine,7.0,2.0,4.0,4.0,"Nutty when hot, fruitier when cooled. Slight fermented notes, raspberry",3.0,1.0,3.0,"Roasty, toasted grains, emptiness",4.0,3.0,2.0,"Full body, roasted notes. Robusta?",3.0,5.0,5.0,"Fermented Fruit, wine, dark cherries",Coffee A,Coffee D,Coffee D,I primarily work from home,$60-$80,"It tastes good, I need the ritual",True,False,True,False,False,,Yes,Yes,$10-$15,More than $20,Yes,$500-$1000,Yes,Male,,Bachelor's degree,White/Caucasian,,Employed full-time,,Democrat
vNqjL4,18-24 years old,1,"At a cafe, At home",True,False,False,True,False,"Instant coffee, Espresso",False,False,True,False,False,True,False,False,False,False,,,,,,,,,,Latte,,"Milk, dairy alternative, or coffee creamer",False,True,False,False,False,,Oat milk,False,False,False,False,False,True,False,False,False,,,,,,,,,,,,,,,,,,Nutty,Medium,Medium,Full caffeine,3.0,3.0,5.0,2.0,Orange ,4.0,2.0,4.0,Smokey and nutty ,2.0,1.0,5.0,Floral ,3.0,4.0,2.0,Cirrus and grapefruit ,Coffee C,Coffee A,Coffee C,I primarily work from home,$20-$40,"I need the ritual, I need the caffeine",False,True,True,False,False,,Yes,No,$6-$8,$8-$10,No,Less than $20,No,Female,,,,,,,
EP8d7o,18-24 years old,1,"On the go, At home",True,False,True,False,False,Bean-to-cup machine,False,False,False,False,False,False,True,False,False,False,,"Local cafe, National chain (e.g. Starbucks, Dunkin)",True,True,False,False,False,False,,Latte,,"Milk, dairy alternative, or coffee creamer",False,True,False,False,False,,Whole milk,True,False,False,False,False,False,False,False,False,,,,,,,,,,,,,,,,,,Full Bodied,Somewhat light,Medium,Full caffeine,3.0,3.0,3.0,5.0,"Very light, fruity at the start but quickly settles to buttery",5.0,1.0,2.0,"Bitter out the gates, but settles quickly with little aftertaste ",2.0,2.0,3.0,"Middling when it comes to mouth feel, taste was good but uninteresting to me.",1.0,5.0,4.0,"very very acidic, made me shiver!
thinnest coffee of the group ",Coffee A,Coffee A,Coffee A,I primarily work in person,$60-$80,"It tastes good, I need the ritual",True,False,True,False,False,,Yes,No,$15-$20,$8-$10,No,"More than $1,000",Yes,Other (please specify),Transgender Female ,High school graduate,White/Caucasian,,Student,,Democrat
GrYLqQ,45-54 years old,2,At home,True,False,False,False,False,Other,False,False,False,False,False,False,False,False,False,True,Aeropress,,,,,,,,,Mocha,,No - just black,True,False,False,False,False,,,,,,,,,,,,,,,,,,,,,,,,,,,,,Chocolatey,Medium,Medium,Full caffeine,5.0,1.0,4.0,1.0,,4.0,4.0,2.0,,3.0,4.0,3.0,,1.0,5.0,1.0,,Coffee C,Coffee A,Coffee C,I primarily work from home,$20-$40,"It tastes good, Other",True,False,False,False,True,I really enjoy a hot mug of coffee in my hands. ,Yes,Yes,$4-$6,$6-$8,No,$100-$300,Yes,Female,,High school graduate,White/Caucasian,,Homemaker,2,Independent
6dQEGk,45-54 years old,2,At home,True,False,False,False,False,Espresso,False,False,True,False,False,False,False,False,False,False,,,,,,,,,,Latte,,"Milk, dairy alternative, or coffee creamer",False,True,False,False,False,,Whole milk,True,False,False,False,False,False,False,False,False,,,,,,,,,,,,,,,,,,Bright,Very strong,Medium,Full caffeine,7.0,1.0,4.0,3.0,,3.0,4.0,3.0,,3.0,4.0,4.0,,2.0,3.0,3.0,,Coffee C,Coffee A,Coffee C,I primarily work from home,$20-$40,"I need the ritual, It tastes good, I need the caffeine",True,True,True,False,False,,Yes,Yes,$6-$8,$8-$10,Yes,"More than $1,000",Yes,Male,,Bachelor's degree,White/Caucasian,,Employed part-time,2,Democrat
jB0ovx,25-34 years old,3,"At home, At the office, On the go",True,True,True,False,False,"French press, Pour over, Instant coffee",True,True,False,False,False,True,False,False,False,False,,Local cafe,False,True,False,False,False,False,,Latte,,"Milk, dairy alternative, or coffee creamer, Sugar or sweetener, Flavor syrup",False,True,True,True,False,,Whole milk,True,False,False,False,False,False,False,False,False,"Granulated Sugar, Brown Sugar, Raw Sugar (Turbinado)",True,False,False,False,False,False,True,True,,,,,,,,,Chocolatey,Somewhat strong,Medium,Full caffeine,4.0,3.0,3.0,2.0,"tea/herbal, jasmine, lemon, earthy",2.0,3.0,3.0,"dark chocolate, orange",2.0,3.0,4.0,"chocolate, hazelnut, jasmine",2.0,4.0,3.0,"cranberry, apple, bergamot",Coffee C,Coffee D,Coffee C,I do a mix of both,>$100,"It tastes good, I need the caffeine, I need the ritual",True,True,True,False,False,,Yes,Yes,$6-$8,$8-$10,Yes,$100-$300,Yes,Female,,Master's degree,White/Caucasian,,Employed full-time,,Democrat
bl29y1,35-44 years old,1,"At the office, At home, At a cafe",True,True,False,True,False,Espresso,False,False,True,False,False,False,False,False,False,False,,,,,,,,,,Mocha,,"Milk, dairy alternative, or coffee creamer, Sugar or sweetener",False,True,True,False,False,,"Half and half, Whole milk",True,False,True,False,False,False,False,False,False,"Artificial Sweeteners (e.g., Splenda)",False,True,False,False,False,False,False,False,,,,,,,,,Chocolatey,Medium,Medium,Full caffeine,1.0,5.0,1.0,1.0,,2.0,3.0,4.0,,5.0,1.0,1.0,,2.0,4.0,5.0,,Coffee B,Coffee D,Coffee D,I primarily work in person,>$100,"It tastes good, I need the caffeine",True,True,False,False,False,,Yes,Yes,$10-$15,More than $20,No,$500-$1000,Yes,Female,,Doctorate or professional degree,White/Caucasian,,Employed full-time,2,Republican
BGbWMA,25-34 years old,2,"At home, At the office",True,True,False,False,False,"Pour over, Espresso",True,False,True,False,False,False,False,False,False,False,,,,,,,,,,Espresso,,"No - just black, Milk, dairy alternative, or coffee creamer",True,True,False,False,False,,Whole milk,True,False,False,False,False,False,False,False,False,,,,,,,,,,,,,,,,,,Floral,Somewhat strong,Medium,Full caffeine,6.0,2.0,4.0,5.0,"Raspberry, Rye Bread",3.0,2.0,3.0,"Woodsmoke, Chocolate, Pecan",4.0,3.0,2.0,"Paper, Dried Herbs, Red Wine",2.0,4.0,4.0,"Blueberry, Apricot ",Coffee A,Coffee A,Coffee A,I primarily work from home,$20-$40,"It tastes good, I need the caffeine, I need the ritual",True,True,True,False,False,,Yes,No,$10-$15,$6-$8,Yes,$300-$500,No,Male,,Bachelor's degree,White/Caucasian,,Employed full-time,,Independent
jBEq21,35-44 years old,2,At home,True,False,False,False,False,"Espresso, Coffee brewing machine (e.g. Mr. Coffee)",False,False,True,True,False,False,False,False,False,False,,,,,,,,,,Cortado,,"Milk, dairy alternative, or coffee creamer",False,True,False,False,False,,Whole milk,True,False,False,False,False,False,False,False,False,,,,,,,,,,,,,,,,,,Caramalized,Somewhat strong,Medium,Full caffeine,6.0,2.0,3.0,5.0,"Best smelling coffee, berry sweetness, cocoa, full/round",4.0,3.0,4.0,"Smoky, toasted nutty, delicate mouthfeel",4.0,3.0,3.0,"Tart cherry; kind of an oily, mechanic shop taste, but in a good way",2.0,4.0,1.0,Not a fan; lemon/citrusy flavor,Coffee A,Coffee A,Coffee A,I primarily work from home,$80-$100,"It tastes good, I need the caffeine, I need the ritual",True,True,True,False,False,,Yes,Yes,$6-$8,$10-$15,Yes,"More than $1,000",Yes,Female,,Bachelor's degree,White/Caucasian,,Employed full-time,,Democrat
DVXkPX,25-34 years old,4,"At home, At the office, On the go, At a cafe",True,True,True,True,False,Espresso,False,False,True,False,False,False,False,False,False,False,,Local cafe,False,True,False,False,False,False,,Cappuccino,,"No - just black, Milk, dairy alternative, or coffee creamer",True,True,False,False,False,,"Oat milk, Skim milk",False,True,False,False,False,True,False,False,False,,,,,,,,,,,,,,,,,,Floral,Somewhat strong,Medium,Full caffeine,7.0,2.0,4.0,2.0,Lemon,4.0,2.0,3.0,Chocolate,2.0,3.0,2.0,Milk Chocolate,3.0,4.0,4.0,Blackberries,Coffee B,Coffee D,Coffee D,I do a mix of both,$40-$60,"It tastes good, I need the caffeine, I need the ritual",True,True,True,False,False,,Yes,Yes,$8-$10,$8-$10,Yes,"More than $1,000",Yes,Male,,Master's degree,White/Caucasian,,Employed full-time,,Democrat
NA41kO,25-34 years old,1,At home,True,False,False,False,False,"Espresso, Pour over",True,False,True,False,False,False,False,False,False,False,,,,,,,,,,Espresso,,No - just black,True,False,False,False,False,,,,,,,,,,,,,,,,,,,,,,,,,,,,,Juicy,Somewhat strong,Light,Full caffeine,8.0,2.0,5.0,5.0,Medium Body,3.0,3.0,3.0,Medium Body,4.0,2.0,1.0,Lightest body,1.0,4.0,3.0,,Coffee A,Coffee A,Coffee A,I primarily work in person,$40-$60,"It tastes good, I need the caffeine",True,True,False,False,False,,Yes,Yes,$8-$10,$10-$15,No,"More than $1,000",Yes,Male,,Bachelor's degree,White/Caucasian,,Employed full-time,,Independent
QAvzjk,18-24 years old,2,At home,True,False,False,False,False,"Pour over, Other",True,False,False,False,False,False,False,False,False,True,Aeropress,,,,,,,,,Cortado,,"Milk, dairy alternative, or coffee creamer",False,True,False,False,False,,"Oat milk, Whole milk",True,False,False,False,False,True,False,False,False,,,,,,,,,,,,,,,,,,Nutty,Somewhat strong,Medium,Full caffeine,4.0,2.0,3.0,5.0,"citrussy, sweet",4.0,2.0,3.0,"earthy, light texture",2.0,2.0,4.0,"muted, tropical, balanced",2.0,5.0,2.0,"fruity, fermented, strong",Coffee A,Coffee A,Coffee A,I do a mix of both,$20-$40,"It tastes good, I need the caffeine, I need the ritual",True,True,True,False,False,,Yes,Yes,More than $20,More than $20,No,$20-$50,Yes,Male,,Master's degree,Asian/Pacific Islander,,Student,,Democrat
dYZ1Ly,25-34 years old,3,"At home, At the office",True,True,False,False,False,"Pod/capsule machine (e.g. Keurig/Nespresso), Coffee brewing machine (e.g. Mr. Coffee)",False,False,False,True,True,False,False,False,False,False,,,,,,,,,,Cortado,,No - just black,True,False,False,False,False,,,,,,,,,,,,,,,,,,,,,,,,,,,,,Bold,Very strong,Dark,Full caffeine,4.0,1.0,4.0,2.0,Citrus,3.0,1.0,1.0,Smoke. I would like it more than A+D if it were darker,2.0,1.0,1.0,Vegetable (Green Bean),1.0,3.0,3.0,Blueberry,Coffee A,Coffee D,Coffee D,I primarily work in person,$40-$60,"It tastes good, I need the caffeine",True,True,False,False,False,,Yes,No,$10-$15,$15-$20,No,$300-$500,Yes,Male,,Bachelor's degree,White/Caucasian,,Employed full-time,,Democrat
RzByPd,25-34 years old,2,At home,True,False,False,False,False,"Pour over, French press, Espresso",True,True,True,False,False,False,False,False,False,False,,,,,,,,,,Pourover,,No - just black,True,False,False,False,False,,,,,,,,,,,,,,,,,,,,,,,,,,,,,Juicy,Somewhat light,Light,Full caffeine,7.0,2.0,3.0,4.0,"Tart, very good",5.0,1.0,1.0,Ohhh noo. Reminded me of a hard bar of dark chocolate,3.0,2.0,2.0,"Mild chocolate, more approachable than Coffee B, very meh. I'd say this is the ""cup of joe"" of specialty coffees",1.0,4.0,5.0,Fruity! Had me fooled for an Ethiopian. By far my favorite,Coffee A,Coffee D,Coffee D,I primarily work in person,$80-$100,"It tastes good, I need the caffeine, I need the ritual",True,True,True,False,False,,Yes,Yes,$10-$15,More than $20,No,"More than $1,000",Yes,Male,,Some college or associate's degree,White/Caucasian,,Employed full-time,,No affiliation
Ld5zz1,25-34 years old,4,"At a cafe, At home",True,False,False,True,False,"Pour over, Espresso, Coffee extract (e.g. Cometeer), Other",True,False,True,False,False,False,False,False,True,True,aeropress,,,,,,,,,Pourover,,No - just black,True,False,False,False,False,,,,,,,,,,,,,,,,,,,,,,,,,,,,,Fruity,Medium,Light,Full caffeine,8.0,2.0,3.0,4.0,"Light roast, fruity",5.0,1.0,2.0,"Dark roast, bitter, better as it cooled",3.0,2.0,5.0,"Medium roast, blend, balanced",1.0,5.0,4.0,"Very light roast or specialty process, tastes like it could have come from presta (local Nordic style roaster)",Coffee C,Coffee D,Coffee C,I primarily work from home,$60-$80,"It tastes good, I need the ritual",True,False,True,False,False,,Yes,Yes,$10-$15,More than $20,Yes,"More than $1,000",Yes,Male,,Bachelor's degree,White/Caucasian,,Employed full-time,,Democrat
RzB9gQ,35-44 years old,2,At home,True,False,False,False,False,"Coffee brewing machine (e.g. Mr. Coffee), Cold brew",False,False,False,True,False,False,False,True,False,False,,,,,,,,,,Cortado,,No - just black,True,False,False,False,False,,,,,,,,,,,,,,,,,,,,,,,,,,,,,Chocolatey,Very strong,Light,Full caffeine,4.0,3.0,4.0,5.0,,2.0,1.0,3.0,,2.0,2.0,2.0,,3.0,4.0,4.0,,Coffee A,Coffee A,Coffee A,I primarily work from home,$40-$60,"It tastes good, I need the ritual",True,False,True,False,False,,Yes,Yes,$10-$15,$6-$8,Yes,$500-$1000,Yes,Male,,Bachelor's degree,White/Caucasian,,Employed full-time,1,Democrat
LdMxpz,25-34 years old,2,"At the office, At home, On the go",True,True,True,False,False,Other,False,False,False,False,False,False,False,False,False,True,Clever,"National chain (e.g. Starbucks, Dunkin), Specialty coffee shop",True,False,False,True,False,False,,Americano,,No - just black,True,False,False,False,False,,,,,,,,,,,,,,,,,,,,,,,,,,,,,Fruity,Very strong,Light,Full caffeine,6.0,3.0,4.0,4.0,"Citrus flavors, heavy lemon water feel",4.0,1.0,4.0,"Nutty, chocolate",2.0,2.0,3.0,"Milder, rounder nutty flavor coconut",1.0,5.0,3.0,"Red berries, Christmas, bright fruit notes, wine",Coffee B,Coffee A,Coffee B,I do a mix of both,$60-$80,"It tastes good, I need the caffeine, I need the ritual",True,True,True,False,False,,Yes,No,$10-$15,$10-$15,Yes,$100-$300,No,Male,,Some college or associate's degree,White/Caucasian,,Employed full-time,,Democrat
xd0kZv,35-44 years old,2,"At a cafe, At home",True,False,False,True,False,"Coffee brewing machine (e.g. Mr. Coffee), Pod/capsule machine (e.g. Keurig/Nespresso), Espresso, Cold brew",False,False,True,True,True,False,False,True,False,False,,,,,,,,,,Latte,,"Milk, dairy alternative, or coffee creamer, Flavor syrup, Sugar or sweetener",False,True,True,True,False,,Skim milk,False,True,False,False,False,False,False,False,False,"Artificial Sweeteners (e.g., Splenda)",False,True,False,False,False,False,False,False,,,,,,,,,Caramalized,Somewhat strong,Medium,Full caffeine,4.0,2.0,3.0,5.0,Dark chocolate and tangy cranberry,2.0,4.0,3.0,Apple and nut,4.0,2.0,2.0,Banana bread (no nuts) and cereal squares,4.0,4.0,4.0,Cider and a harvest festival feel,Coffee A,Coffee A,Coffee A,I primarily work in person,$80-$100,"It tastes good, I need the caffeine, Other",True,True,False,False,True,It soothes my arthritis,Yes,No,$10-$15,$10-$15,Yes,$50-$100,Yes,Non-binary,,High school graduate,White/Caucasian,,Employed full-time,,Democrat
RzZdlK,45-54 years old,2,At home,True,False,False,False,False,Pour over,True,False,False,False,False,False,False,False,False,False,,,,,,,,,,Pourover,,No - just black,True,False,False,False,False,,,,,,,,,,,,,,,,,,,,,,,,,,,,,Fruity,Medium,Light,Full caffeine,7.0,1.0,4.0,3.0,"light syrup mouthfeel, pear, concord grape, sweet",4.0,3.0,2.0,"very bitter at start, but settled in when lukewarm, dates, nuts, caramel, complex toasted rollercoaster but muted",4.0,2.0,2.0,"caramel, bitter at first taste when hot, mellowed out when cooled",2.0,4.0,5.0,"Fruity with blueberry notes, smooth silky mouthfeel with a lingering sweet finish (likely anaerobic fermented flavor enhancing the burst of flavor) ",Coffee A,Coffee D,Coffee D,I primarily work from home,$60-$80,It tastes good,True,False,False,False,False,,Yes,Yes,$8-$10,More than $20,Yes,$500-$1000,Yes,Male,,Bachelor's degree,White/Caucasian,,,,
pLPNQJ,35-44 years old,1,"At home, On the go",True,False,True,False,False,Pour over,True,False,False,False,False,False,False,False,False,False,,Local cafe,False,True,False,False,False,False,,Pourover,,No - just black,True,False,False,False,False,,,,,,,,,,,,,,,,,,,,,,,,,,,,,Chocolatey,Somewhat strong,Medium,Full caffeine,7.0,4.0,4.0,5.0,Caramel,4.0,2.0,4.0,,2.0,2.0,3.0,Mild,4.0,5.0,1.0,Sour,Coffee A,Coffee A,Coffee A,I do a mix of both,$40-$60,"I need the ritual, I need the caffeine, It makes me go to the bathroom, It tastes good",True,True,True,True,False,,Yes,Yes,$6-$8,$6-$8,No,$300-$500,Yes,Female,,Doctorate or professional degree,Asian/Pacific Islander,,Employed full-time,2,No affiliation
oAVjyx,35-44 years old,2,"At home, At the office",True,True,False,False,False,Pour over,True,False,False,False,False,False,False,False,False,False,,,,,,,,,,Pourover,,No - just black,True,False,False,False,False,,,,,,,,,,,,,,,,,,,,,,,,,,,,,Bright,Somewhat strong,Light,Full caffeine,5.0,2.0,3.0,4.0,Bright,2.0,2.0,4.0,"Well balanced, full bodied",3.0,2.0,3.0,"Similar to B, thinner mouth feel",3.0,4.0,3.0,"Nutty, earthy, fruity",Coffee B,Coffee A,Coffee B,I primarily work from home,$20-$40,"It tastes good, I need the ritual",True,False,True,False,False,,Yes,Yes,$4-$6,$6-$8,No,$50-$100,Yes,Male,,Master's degree,White/Caucasian,,Employed full-time,,Democrat
dY2JDV,25-34 years old,4,"At home, At a cafe, At the office",True,True,False,True,False,"Pour over, Coffee brewing machine (e.g. Mr. Coffee), Pod/capsule machine (e.g. Keurig/Nespresso), Instant coffee",True,False,False,True,True,True,False,False,False,False,,,,,,,,,,Americano,,No - just black,True,False,False,False,False,,,,,,,,,,,,,,,,,,,,,,,,,,,,,Floral,Somewhat light,Light,Full caffeine,4.0,2.0,4.0,4.0,"Peach, pancakes",3.0,3.0,2.0,Rye,3.0,2.0,1.0,Cookies,3.0,4.0,5.0,"Toffee, breakfast cereal",Coffee A,Coffee D,Coffee D,I primarily work from home,>$100,"It tastes good, I need the caffeine",True,True,False,False,False,,Yes,Yes,$4-$6,$4-$6,No,$500-$1000,Yes,Male,,Doctorate or professional degree,Hispanic/Latino,,Employed full-time,,No affiliation
g5N6BN,18-24 years old,Less than 1,At a cafe,False,False,False,True,False,,,,,,,,,,,,,,,,,,,,,Iced coffee,,Sugar or sweetener,False,False,True,False,False,,,,,,,,,,,,Granulated Sugar,True,False,False,False,False,False,False,False,,,,,,,,,Full Bodied,Medium,Light,Decaf,2.0,1.0,1.0,4.0,Sweeter. Flowery,3.0,4.0,5.0,"Dirt? Liked at beginning and end, not the middle. Very nice aroma",4.0,2.0,3.0,Milk chocolate,4.0,3.0,3.0,Tart,Coffee B,Coffee A,Coffee B,I primarily work from home,<$20,It tastes good,True,False,False,False,False,,Yes,No,$6-$8,$8-$10,Yes,Less than $20,Yes,Male,,Bachelor's degree,White/Caucasian,,Employed full-time,,Democrat
PABJvP,25-34 years old,2,At home,True,False,False,False,False,"Espresso, French press",False,True,True,False,False,False,False,False,False,False,,,,,,,,,,Espresso,,"No - just black, Milk, dairy alternative, or coffee creamer",True,True,False,False,False,,Oat milk,False,False,False,False,False,True,False,False,False,,,,,,,,,,,,,,,,,,Fruity,Very strong,Light,Full caffeine,8.0,2.0,4.0,3.0,,4.0,3.0,2.0,,4.0,2.0,4.0,,1.0,5.0,5.0,,Coffee C,Coffee D,Coffee D,I primarily work from home,$20-$40,"It tastes good, I need the caffeine, I need the ritual, It makes me go to the bathroom",True,True,True,True,False,,Yes,Yes,$4-$6,$2-$4,No,$500-$1000,Yes,Male,,Master's degree,White/Caucasian,,Employed full-time,,Democrat
ZdGML5,25-34 years old,2,"At the office, At home, At a cafe",True,True,False,True,False,"Pod/capsule machine (e.g. Keurig/Nespresso), Pour over",True,False,False,False,True,False,False,False,False,False,,,,,,,,,,Pourover,,No - just black,True,False,False,False,False,,,,,,,,,,,,,,,,,,,,,,,,,,,,,Chocolatey,Somewhat strong,Medium,Full caffeine,6.0,2.0,3.0,3.0,Caramel,3.0,2.0,5.0,Chocolatey,4.0,2.0,4.0,"Woody, smokey",4.0,3.0,2.0,Berry,Coffee B,Coffee A,Coffee B,I do a mix of both,$60-$80,"I need the ritual, It tastes good",True,False,True,False,False,,Yes,No,$10-$15,$10-$15,No,$300-$500,Yes,Female,,Bachelor's degree,Hispanic/Latino,,Employed full-time,,Democrat
GrodaO,35-44 years old,2,At home,True,False,False,False,False,"Pour over, Espresso",True,False,True,False,False,False,False,False,False,False,,,,,,,,,,Regular drip coffee,,No - just black,True,False,False,False,False,,,,,,,,,,,,,,,,,,,,,,,,,,,,,Fruity,Medium,Light,Full caffeine,7.0,2.0,4.0,4.0,"Caramel, changes big time when cool. Preference changed wildly",3.0,3.0,2.0,"Christmas morning, warm, robust",4.0,2.0,3.0,"Drying of the mouth, roasty, diner coffee, Hawaii. Huge dislike to like",2.0,3.0,4.0,"Natural process,",Coffee C,Coffee D,Coffee D,I primarily work from home,$40-$60,"It tastes good, I need the ritual, I need the caffeine",True,True,True,False,False,,Yes,Yes,$4-$6,$4-$6,Yes,"More than $1,000",Yes,Male,,,,,,,
1r2Q0M,45-54 years old,2,At home,True,False,False,False,False,"Pour over, French press, Other",True,True,False,False,False,False,False,False,False,True,Aeropress ,,,,,,,,,Latte,,No - just black,True,False,False,False,False,,,,,,,,,,,,,,,,,,,,,,,,,,,,,Bright,Medium,Medium,Full caffeine,3.0,2.0,4.0,3.0,"Mild caramel
Earthy
Savory",3.0,2.0,3.0,Mild neutral coffee flavor,3.0,3.0,2.0,Mild,2.0,2.0,5.0,"Berry scent
Grassy taste",Coffee B,Coffee D,Coffee D,I primarily work from home,$40-$60,"It tastes good, It makes me go to the bathroom, I need the caffeine",True,True,False,True,False,,Yes,Yes,$10-$15,$6-$8,Yes,$500-$1000,Yes,Male,,Bachelor's degree,White/Caucasian,,Employed full-time,,Democrat
oAVjDN,35-44 years old,4,"At home, At the office",True,True,False,False,False,"Pod/capsule machine (e.g. Keurig/Nespresso), Pour over",True,False,False,False,True,False,False,False,False,False,,,,,,,,,,Pourover,,"Milk, dairy alternative, or coffee creamer",False,True,False,False,False,,Whole milk,True,False,False,False,False,False,False,False,False,,,,,,,,,,,,,,,,,,Chocolatey,Somewhat strong,Medium,Full caffeine,7.0,3.0,4.0,2.0,"Hints of cherries, very acidic
",2.0,1.0,4.0,"Darker roast, presence of chocolate. And vanilla. 
Great as an everyday coffee.",4.0,1.0,3.0,"Black roast, hints of fruits. Lacking the chocolate and vanilla I normally expect.",2.0,3.0,4.0,Hints of acidity without pepper and cherry without sourness.,Coffee B,Coffee D,Coffee B,I primarily work from home,>$100,"I need the caffeine, It tastes good",True,True,False,False,False,,Yes,Yes,$8-$10,$10-$15,No,$100-$300,Yes,Male,,Bachelor's degree,White/Caucasian,,Employed full-time,,No affiliation
ZdRMve,25-34 years old,1,"At home, At a cafe",True,False,False,True,False,Cold brew,False,False,False,False,False,False,False,True,False,False,,,,,,,,,,Iced coffee,,"Milk, dairy alternative, or coffee creamer",False,True,False,False,False,,"Flavored coffee creamer, Oat milk",False,False,False,False,True,True,False,False,False,,,,,,,,,,,,,,,,,,Sweet,Medium,Light,Full caffeine,5.0,1.0,4.0,4.0,Cranberry,4.0,1.0,1.0,Cocoa,3.0,2.0,2.0,"Hay, brandy",2.0,3.0,5.0,Blackberry,Coffee A,Coffee D,Coffee D,I primarily work from home,$20-$40,"I need the ritual, I need the caffeine, It tastes good",True,True,True,False,False,,Yes,No,$4-$6,$6-$8,Yes,$20-$50,Yes,Male,,Bachelor's degree,Hispanic/Latino,,Employed part-time,,Democrat
7d4bx9,18-24 years old,2,At home,True,False,False,False,False,Pour over,True,False,False,False,False,False,False,False,False,False,,,,,,,,,,Cappuccino,,No - just black,True,False,False,False,False,,,,,,,,,,,,,,,,,,,,,,,,,,,,,Bold,Medium,Medium,Full caffeine,6.0,3.0,4.0,2.0,Grapefruit and Dark Chocolate,4.0,3.0,3.0,Brown Sugar and Chocolate,4.0,2.0,4.0,Apples,2.0,4.0,5.0,Blueberries,Coffee C,Coffee D,Coffee D,I primarily work in person,$20-$40,It tastes good,True,False,False,False,False,,Yes,No,$8-$10,$10-$15,Yes,$300-$500,Yes,Male,,Bachelor's degree,White/Caucasian,,Employed full-time,,No affiliation
24x26V,45-54 years old,2,At home,True,False,False,False,False,Espresso,False,False,True,False,False,False,False,False,False,False,,,,,,,,,,Americano,,No - just black,True,False,False,False,False,,,,,,,,,,,,,,,,,,,,,,,,,,,,,Fruity,Somewhat strong,Light,Full caffeine,7.0,2.0,5.0,4.0,Citrus,3.0,3.0,4.0,"Balance, paper",5.0,2.0,2.0,"Stout, better as it cools",2.0,4.0,5.0,Strawberry ,Coffee B,Coffee D,Coffee D,I primarily work in person,$40-$60,"I need the caffeine, I need the ritual, It tastes good",True,True,True,False,False,,Yes,Yes,$8-$10,$10-$15,Yes,"More than $1,000",Yes,Male,,Master's degree,White/Caucasian,,Employed full-time,,Independent
pLP2rP,>65 years old,2,At home,True,False,False,False,False,French press,False,True,False,False,False,False,False,False,False,False,,,,,,,,,,Cappuccino,,"Milk, dairy alternative, or coffee creamer, Sugar or sweetener",False,True,True,False,False,,Half and half,False,False,True,False,False,False,False,False,False,Raw Sugar (Turbinado),False,False,False,False,False,False,False,True,,,,,,,,,Chocolatey,Medium,Dark,Full caffeine,6.0,3.0,5.0,1.0,"Sour, sweet potato",3.0,3.0,3.0,Nutty,4.0,3.0,3.0,,2.0,5.0,2.0,,Coffee C,Coffee D,Coffee C,,$20-$40,"I need the ritual, It tastes good",True,False,True,False,False,,Yes,Yes,$6-$8,$8-$10,Yes,$300-$500,Yes,Female,,Master's degree,White/Caucasian,,Retired,,Democrat
ZdPO2B,35-44 years old,2,"At home, At the office, At a cafe",True,True,False,True,False,"French press, Other",False,True,False,False,False,False,False,False,False,True,Moka pot,,,,,,,,,Latte,,No - just black,True,False,False,False,False,,,,,,,,,,,,,,,,,,,,,,,,,,,,,Full Bodied,Very strong,Medium,Full caffeine,6.0,3.0,4.0,3.0,Caramel; lighter than some of the others,4.0,3.0,5.0,,4.0,2.0,3.0,,2.0,5.0,2.0,,Coffee B,Coffee D,Coffee B,I primarily work in person,$20-$40,"It tastes good, I need the caffeine",True,True,False,False,False,,Yes,Yes,$8-$10,$8-$10,Yes,$300-$500,Yes,Non-binary,,,,,,,
qbE877,35-44 years old,3,At home,True,False,False,False,False,"Pour over, French press, Espresso, Other",True,True,True,False,False,False,False,False,False,True,aero press,,,,,,,,,Pourover,,No - just black,True,False,False,False,False,,,,,,,,,,,,,,,,,,,,,,,,,,,,,Fruity,Medium,Light,Full caffeine,2.0,1.0,4.0,4.0,"fruity, Banana? maybe sweet and sour",3.0,2.0,3.0,"chocolate, darker",2.0,1.0,3.0,couldent really taste bitter or acid in this,3.0,5.0,1.0,"spicy, tobasco ",Coffee B,Coffee A,Coffee B,I primarily work in person,$40-$60,"I need the ritual, It tastes good",True,False,True,False,False,,Yes,Yes,$10-$15,$8-$10,No,$300-$500,Yes,Male,,Some college or associate's degree,Hispanic/Latino,,Employed full-time,2,Democrat
EPBO42,25-34 years old,2,"At the office, At home",True,True,False,False,False,"Coffee extract (e.g. Cometeer), Coffee brewing machine (e.g. Mr. Coffee)",False,False,False,True,False,False,False,False,True,False,,,,,,,,,,Iced coffee,,"Milk, dairy alternative, or coffee creamer",False,True,False,False,False,,"Half and half, Whole milk, Skim milk, Oat milk",True,True,True,False,False,True,False,False,False,,,,,,,,,,,,,,,,,,Full Bodied,Somewhat strong,Medium,Full caffeine,3.0,2.0,4.0,1.0,Sweet and acidic,3.0,1.0,4.0,,4.0,1.0,4.0,Classic dark roast flavors here,1.0,4.0,2.0,Blueberry blackberry ,Coffee C,Coffee D,Coffee C,I do a mix of both,$40-$60,"I need the caffeine, I need the ritual, It tastes good, It makes me go to the bathroom",True,True,True,True,False,,Yes,Yes,$6-$8,$6-$8,No,$100-$300,Yes,Male,,Master's degree,White/Caucasian,,Employed full-time,,Democrat
bl4J97,25-34 years old,2,At home,True,False,False,False,False,Espresso,False,False,True,False,False,False,False,False,False,False,,,,,,,,,,Latte,,"Milk, dairy alternative, or coffee creamer",False,True,False,False,False,,Whole milk,True,False,False,False,False,False,False,False,False,,,,,,,,,,,,,,,,,,Bright,Somewhat strong,Medium,Full caffeine,6.0,2.0,5.0,5.0,,4.0,2.0,2.0,,3.0,3.0,3.0,,1.0,2.0,1.0,,Coffee A,Coffee A,Coffee A,I primarily work from home,$40-$60,"It tastes good, I need the ritual, I need the caffeine",True,True,True,False,False,,Yes,No,$6-$8,$6-$8,Yes,$500-$1000,Yes,Male,,Bachelor's degree,Asian/Pacific Islander,,Employed full-time,,Democrat
YZzl6d,35-44 years old,3,"At the office, At home, On the go, At a cafe",True,True,True,True,False,"Coffee brewing machine (e.g. Mr. Coffee), Espresso, Cold brew",False,False,True,True,False,False,False,True,False,False,,"Local cafe, Specialty coffee shop",False,True,False,True,False,False,,Regular drip coffee,,No - just black,True,False,False,False,False,,,,,,,,,,,,,,,,,,,,,,,,,,,,,Nutty,Somewhat strong,Light,Full caffeine,7.0,2.0,3.0,5.0,,3.0,2.0,4.0,,3.0,3.0,4.0,,2.0,3.0,4.0,,Coffee A,Coffee A,Coffee A,I primarily work from home,$60-$80,"It tastes good, I need the caffeine, I need the ritual",True,True,True,False,False,,Yes,Yes,$6-$8,$8-$10,Yes,"More than $1,000",Yes,Male,,Bachelor's degree,White/Caucasian,,Employed full-time,,Democrat
0EjWPy,25-34 years old,1,At home,True,False,False,False,False,"French press, Coffee brewing machine (e.g. Mr. Coffee)",False,True,False,True,False,False,False,False,False,False,,,,,,,,,,Americano,,No - just black,True,False,False,False,False,,,,,,,,,,,,,,,,,,,,,,,,,,,,,Chocolatey,Somewhat strong,Medium,Decaf,6.0,3.0,5.0,3.0,"changed the most as it cooled, becoming more clearly fruity and acidic over time. tasting notes: lemon water, orange pith. had a smooth mouthfeel.",3.0,2.0,4.0,"balanced. blackberry, bread, apple juice. light mouthfeel.",4.0,1.0,5.0,"nutty, specifically walnut. rich, with a full body.",2.0,4.0,3.0,"blueberry pancakes, burnt sugar with an arresting, juicy tartness. medium body.",Coffee C,Coffee D,Coffee C,I primarily work from home,$20-$40,"It tastes good, I need the ritual",True,False,True,False,False,,Yes,Yes,$10-$15,$15-$20,No,$100-$300,Yes,Male,,Bachelor's degree,White/Caucasian,,Unemployed,,Democrat
kYRBXR,25-34 years old,2,At home,True,False,False,False,False,Pour over,True,False,False,False,False,False,False,False,False,False,,,,,,,,,,Pourover,,No - just black,True,False,False,False,False,,,,,,,,,,,,,,,,,,,,,,,,,,,,,Chocolatey,Medium,Light,Full caffeine,5.0,2.0,4.0,1.0,"Grapefruit, graham cracker",3.0,3.0,1.0,"Dry, velvety, balanced/clear, roasty smoke ",2.0,3.0,2.0,Dry leather,3.0,4.0,2.0,"Raspberries, sugar cookies",Coffee C,Coffee D,Coffee D,I primarily work from home,$20-$40,"I need the ritual, It tastes good",True,False,True,False,False,,Yes,Yes,$6-$8,$6-$8,Yes,$300-$500,Yes,Male,,Some college or associate's degree,White/Caucasian,,Homemaker,,No affiliation
5dqADQ,25-34 years old,2,At home,True,False,False,False,False,"Pour over, Coffee brewing machine (e.g. Mr. Coffee)",True,False,False,True,False,False,False,False,False,False,,,,,,,,,,Pourover,,No - just black,True,False,False,False,False,,,,,,,,,,,,,,,,,,,,,,,,,,,,,Fruity,Very strong,Light,Full caffeine,7.0,2.0,3.0,5.0,"Caramel, toasted marshmallow",3.0,2.0,4.0,"Dark roast, nutty",4.0,2.0,2.0,"Bitter, apple, shoe polish",2.0,4.0,4.0,"Fruity, raisin",Coffee A,Coffee A,Coffee A,I primarily work from home,$80-$100,"It tastes good, I need the caffeine, I need the ritual",True,True,True,False,False,,Yes,Yes,$10-$15,$8-$10,No,$300-$500,Yes,Male,,Bachelor's degree,White/Caucasian,,Employed full-time,,Independent
EPbpKr,25-34 years old,2,At the office,False,True,False,False,False,,,,,,,,,,,,,,,,,,,,,Americano,,No - just black,True,False,False,False,False,,,,,,,,,,,,,,,,,,,,,,,,,,,,,Fruity,Very strong,Light,Full caffeine,7.0,2.0,4.0,4.0,Light and calm,3.0,3.0,3.0,Nutty,4.0,2.0,2.0,Nutty as well more bitter,2.0,4.0,5.0,Sweet,Coffee A,Coffee D,Coffee D,I do a mix of both,$40-$60,"It tastes good, I need the caffeine, I need the ritual",True,True,True,False,False,,Yes,Yes,$10-$15,$15-$20,Yes,$20-$50,Yes,Male,,High school graduate,White/Caucasian,,Employed full-time,,Independent
lNlkBN,25-34 years old,2,At home,True,False,False,False,False,Pour over,True,False,False,False,False,False,False,False,False,False,,,,,,,,,,Pourover,,No - just black,True,False,False,False,False,,,,,,,,,,,,,,,,,,,,,,,,,,,,,Full Bodied,Somewhat strong,Medium,Half caff,3.0,3.0,4.0,1.0,,4.0,2.0,3.0,,2.0,4.0,2.0,,3.0,3.0,3.0,,Coffee B,Coffee D,Coffee D,I primarily work from home,$20-$40,It tastes good,True,False,False,False,False,,Yes,No,$4-$6,$2-$4,No,$20-$50,No,Female,,Master's degree,White/Caucasian,,Employed full-time,2,Republican
VZ1OEj,35-44 years old,2,"At a cafe, At home, On the go",True,False,True,True,False,"Pour over, French press, Espresso, Coffee brewing machine (e.g. Mr. Coffee)",True,True,True,True,False,False,False,False,False,False,,"Local cafe, Specialty coffee shop, National chain (e.g. Starbucks, Dunkin), Drive-thru",True,True,True,True,False,False,,Americano,,No - just black,True,False,False,False,False,,,,,,,,,,,,,,,,,,,,,,,,,,,,,Juicy,Somewhat strong,Medium,Full caffeine,8.0,1.0,5.0,4.0,"apricot, stone fruit, raspberry, blackberry, caramel, butterscotch, light body, acidity increased on cooldown",3.0,2.0,2.0,Bitterness decreased on cooldown,2.0,3.0,2.0,Acidity increased on cooldown,1.0,5.0,5.0,"Juicy, super fruity, strawberry, blueberry, apple, light/medium body, very nice acidity and fruit forward from start to finish",Coffee A,Coffee D,Coffee D,I primarily work from home,$80-$100,"It tastes good, I need the caffeine",True,True,False,False,False,,Yes,Yes,$8-$10,$8-$10,No,"More than $1,000",Yes,Male,,Bachelor's degree,White/Caucasian,,Retired,,No affiliation
DV0q8R,25-34 years old,1,"At home, On the go",True,False,True,False,False,Coffee brewing machine (e.g. Mr. Coffee),False,False,False,True,False,False,False,False,False,False,,"National chain (e.g. Starbucks, Dunkin), Other",True,False,False,False,False,True,Online ordering,Regular drip coffee,,"Milk, dairy alternative, or coffee creamer, Sugar or sweetener",False,True,True,False,False,,"Whole milk, Half and half",True,False,True,False,False,False,False,False,False,"Raw Sugar (Turbinado), Honey",False,False,True,False,False,False,False,True,,,,,,,,,Bright,Somewhat strong,Medium,Full caffeine,3.0,4.0,2.0,3.0,"Felt a bit bitter but not what overwhelming, was more notable as it cooled down, but started to like it a bit less the more I tried it",3.0,2.0,4.0," Was my favorite for most of the test and went down the smoothest, a bit more kick than I was expecting as it cooled",3.0,3.0,4.0,"I started off disliking this almost as much as D, but it started to feel more preferred as I compared it in different orders and had the best aftertaste",1.0,5.0,1.0,"I'm not drinking this again, way way too flavorful in a way I did not enjoy, reminded me of some fruit based drinks or wine in a bad way, my reaction grew to where I stopped taste testing it near the end",Coffee B,Coffee A,Coffee C,I primarily work from home,<$20,"I need the caffeine, It tastes good, I need the ritual",True,True,True,False,False,,Yes,No,$2-$4,$4-$6,No,$50-$100,Yes,Non-binary,,Some college or associate's degree,White/Caucasian,,Employed full-time,,Independent
GrozzO,18-24 years old,1,At home,True,False,False,False,False,Other,False,False,False,False,False,False,False,False,False,True,Aeropress,,,,,,,,,Blended drink (e.g. Frappuccino),,"Milk, dairy alternative, or coffee creamer, Sugar or sweetener",False,True,True,False,False,,Whole milk,True,False,False,False,False,False,False,False,False,Stevia,False,False,False,False,True,False,False,False,,,,,,,,,Full Bodied,Somewhat strong,Medium,Decaf,4.0,1.0,3.0,1.0,Baked Beans,2.0,1.0,4.0,Cacao,4.0,1.0,3.0,Almond,1.0,4.0,1.0,Elderberry,Coffee B,Coffee D,Coffee B,I do a mix of both,<$20,It tastes good,True,False,False,False,False,,Yes,No,$4-$6,$4-$6,Yes,$50-$100,Yes,Male,,Bachelor's degree,White/Caucasian,,Employed full-time,,Republican
VZ16Wy,25-34 years old,Less than 1,"At home, On the go, At a cafe",True,False,True,True,False,Espresso,False,False,True,False,False,False,False,False,False,False,,"National chain (e.g. Starbucks, Dunkin), Local cafe, Specialty coffee shop, Drive-thru",True,True,True,True,False,False,,Latte,,"Milk, dairy alternative, or coffee creamer, Flavor syrup",False,True,False,True,False,,Oat milk,False,False,False,False,False,True,False,False,False,,,,,,,,,,,,,,,,,,Caramalized,Somewhat light,Medium,Decaf,3.0,2.0,4.0,4.0,,4.0,1.0,2.0,,2.0,3.0,5.0,,3.0,2.0,3.0,,Coffee C,Coffee D,Coffee C,I primarily work from home,$20-$40,It tastes good,True,False,False,False,False,,Yes,No,$8-$10,$8-$10,No,$100-$300,Yes,Female,,Bachelor's degree,White/Caucasian,,Homemaker,2,Democrat
24xGy9,35-44 years old,1,"At home, On the go",True,False,True,False,False,Espresso,False,False,True,False,False,False,False,False,False,False,,Specialty coffee shop,False,False,False,True,False,False,,Latte,,"Milk, dairy alternative, or coffee creamer, Sugar or sweetener, Other",False,True,True,False,True,Salt,Whole milk,True,False,False,False,False,False,False,False,False,Maple Syrup,False,False,False,True,False,False,False,False,,,,,,,,,Chocolatey,Somewhat strong,Medium,Full caffeine,5.0,2.0,1.0,5.0,"Chocolate, caramel",2.0,1.0,2.0,"Smoky, tobacco",3.0,1.0,1.0,Tobacco,1.0,4.0,3.0,Fruit and cherry,Coffee A,Coffee A,Coffee A,I primarily work from home,$40-$60,It tastes good,True,False,False,False,False,,Yes,Yes,$6-$8,$6-$8,Yes,$500-$1000,Yes,Female,,Bachelor's degree,White/Caucasian,,Employed part-time,2,Independent
bl2BVe,25-34 years old,2,At the office,False,True,False,False,False,,,,,,,,,,,,,,,,,,,,,Regular drip coffee,,"Milk, dairy alternative, or coffee creamer",False,True,False,False,False,,Half and half,False,False,True,False,False,False,False,False,False,,,,,,,,,,,,,,,,,,Full Bodied,Medium,Light,Full caffeine,2.0,4.0,4.0,1.0,,2.0,2.0,5.0,,3.0,4.0,2.0,,3.0,3.0,3.0,,Coffee B,Coffee D,Coffee B,I primarily work in person,$20-$40,"I need the ritual, It tastes good, I need the caffeine",True,True,True,False,False,,Yes,No,$6-$8,$8-$10,Yes,$50-$100,Yes,Male,,Bachelor's degree,White/Caucasian,,Employed full-time,,Republican
kYRBDj,45-54 years old,2,At home,True,False,False,False,False,Espresso,False,False,True,False,False,False,False,False,False,False,,,,,,,,,,Espresso,,No - just black,True,False,False,False,False,,,,,,,,,,,,,,,,,,,,,,,,,,,,,Floral,Very strong,Medium,Full caffeine,3.0,1.0,4.0,3.0,Dogwood ,1.0,2.0,4.0,Flowers ,1.0,3.0,3.0,,1.0,5.0,1.0,,Coffee B,Coffee A,Coffee B,I primarily work in person,$40-$60,"It tastes good, I need the ritual, It makes me go to the bathroom",True,False,True,True,False,,Yes,No,$8-$10,$8-$10,Yes,$50-$100,Yes,Female,,Master's degree,White/Caucasian,,Employed part-time,1,No affiliation
VZ16Zy,25-34 years old,1,At home,True,False,False,False,False,"Pour over, Espresso",True,False,True,False,False,False,False,False,False,False,,,,,,,,,,Pourover,,No - just black,True,False,False,False,False,,,,,,,,,,,,,,,,,,,,,,,,,,,,,Bright,Medium,Light,Full caffeine,7.0,1.0,5.0,5.0,"Lime, warhead candy, caramel, light body",3.0,2.0,3.0,"Heavier body than A, chocolate, graham cracker",4.0,1.0,2.0,"Medium to heavy body, tobacco",1.0,4.0,5.0,"Light body, strawberry",Coffee A,Coffee A,Coffee A,I primarily work from home,$60-$80,"It tastes good, I need the caffeine, I need the ritual",True,True,True,False,False,,Yes,Yes,More than $20,More than $20,No,"More than $1,000",Yes,Male,,Bachelor's degree,Asian/Pacific Islander,,Employed full-time,,Democrat
RzByqd,25-34 years old,2,At home,True,False,False,False,False,"Pour over, French press, Other",True,True,False,False,False,False,False,False,False,True,aeropress,,,,,,,,,Regular drip coffee,,No - just black,True,False,False,False,False,,,,,,,,,,,,,,,,,,,,,,,,,,,,,Fruity,Somewhat strong,Light,Full caffeine,7.0,2.0,4.0,4.0,,4.0,2.0,2.0,,5.0,1.0,3.0,,1.0,3.0,5.0,,Coffee A,Coffee D,Coffee D,I primarily work from home,$20-$40,"It tastes good, I need the caffeine, I need the ritual",True,True,True,False,False,,Yes,Yes,$6-$8,More than $20,No,"More than $1,000",Yes,Male,,Bachelor's degree,White/Caucasian,,Employed full-time,,No affiliation
VZ9WWj,25-34 years old,2,"At home, At the office, On the go",True,True,True,False,False,"Pour over, Cold brew",True,False,False,False,False,False,False,True,False,False,,"National chain (e.g. Starbucks, Dunkin), Specialty coffee shop, Local cafe",True,True,False,True,False,False,,Pourover,,"Milk, dairy alternative, or coffee creamer, Sugar or sweetener, No - just black",True,True,True,False,False,,Half and half,False,False,True,False,False,False,False,False,False,"Granulated Sugar, Raw Sugar (Turbinado)",True,False,False,False,False,False,False,True,,,,,,,,,Full Bodied,Somewhat strong,Medium,Full caffeine,7.0,1.0,3.0,4.0,mellow and easy to drink,2.0,1.0,2.0,"couldnt taste a lot of flavor, bland",3.0,1.0,5.0,good overall flavor,2.0,4.0,3.0,a lot of flavors. a good coffee for food pairings,Coffee C,Coffee A,Coffee C,I primarily work in person,<$20,"It tastes good, I need the caffeine, I need the ritual, It makes me go to the bathroom",True,True,True,True,False,,Yes,Yes,$8-$10,$10-$15,No,$100-$300,Yes,Male,,Some college or associate's degree,White/Caucasian,,Employed full-time,,No affiliation
bl2klo,35-44 years old,2,At home,True,False,False,False,False,Espresso,False,False,True,False,False,False,False,False,False,False,,,,,,,,,,Espresso,,No - just black,True,False,False,False,False,,,,,,,,,,,,,,,,,,,,,,,,,,,,,Floral,Very strong,Light,Full caffeine,7.0,3.0,4.0,4.0,,5.0,1.0,1.0,,3.0,2.0,2.0,,3.0,4.0,5.0,"Most unique flavor, by far. Loved the complexity. Very smooth, thick texture. Very pleasant.",Coffee A,Coffee D,Coffee D,I primarily work in person,$80-$100,"It tastes good, I need the caffeine, I need the ritual, It makes me go to the bathroom",True,True,True,True,False,,Yes,Yes,$8-$10,$8-$10,Yes,"More than $1,000",Yes,Male,,Doctorate or professional degree,White/Caucasian,,Employed full-time,,Democrat
ylelyX,18-24 years old,1,"On the go, At home, At a cafe",True,False,True,True,False,Espresso,False,False,True,False,False,False,False,False,False,False,,Local cafe,False,True,False,False,False,False,,Latte,,"Milk, dairy alternative, or coffee creamer",False,True,False,False,False,,Whole milk,True,False,False,False,False,False,False,False,False,,,,,,,,,,,,,,,,,,Sweet,Medium,Medium,Full caffeine,4.0,2.0,5.0,4.0,"Whole milke texture almost, mellow after feel, good body",2.0,5.0,3.0,"Skim texture, Darker, Medium",2.0,2.0,4.0,"Skim texture, Darker, chocolate notes",1.0,3.0,5.0,"Almost like a whole milk texture, lighter, very high clarity, caramel notes",Coffee C,Coffee D,Coffee D,I primarily work in person,$60-$80,"I need the caffeine, It tastes good, I need the ritual",True,True,True,False,False,,Yes,Yes,$8-$10,$10-$15,No,"More than $1,000",Yes,Male,,Some college or associate's degree,White/Caucasian,,Employed full-time,,Independent
vNx5gl,25-34 years old,1,"At home, At a cafe",True,False,False,True,False,Pour over,True,False,False,False,False,False,False,False,False,False,,,,,,,,,,Latte,,No - just black,True,False,False,False,False,,,,,,,,,,,,,,,,,,,,,,,,,,,,,Fruity,Somewhat strong,Light,Full caffeine,6.0,3.0,3.0,2.0,Earthy,3.0,1.0,3.0,,3.0,4.0,3.0,,2.0,4.0,5.0,"Fruity, similar to high acid chocolate",Coffee C,Coffee D,Coffee A,I primarily work from home,$40-$60,It tastes good,True,False,False,False,False,,Yes,Yes,$8-$10,$8-$10,Yes,$100-$300,Yes,Male,,Bachelor's degree,White/Caucasian,,Unemployed,,Democrat
9d6NaY,55-64 years old,3,"At home, At the office, At a cafe",True,True,False,True,False,"Pour over, Espresso, Cold brew, Coffee brewing machine (e.g. Mr. Coffee)",True,False,True,True,False,False,False,True,False,False,,,,,,,,,,Cortado,,No - just black,True,False,False,False,False,,,,,,,,,,,,,,,,,,,,,,,,,,,,,Bold,Very strong,Medium,Full caffeine,8.0,2.0,4.0,2.0,"Toasty at first, after cooled mapley ",3.0,3.0,1.0,"Flat tasting, finished muddy as it cooled did not like",3.0,4.0,4.0,Very tasty,2.0,4.0,5.0,Tasted like berries ,Coffee C,Coffee D,Coffee D,I primarily work in person,$20-$40,It tastes good,True,False,False,False,False,,Yes,Yes,$6-$8,$6-$8,No,$100-$300,Yes,Female,,Some college or associate's degree,White/Caucasian,,Employed full-time,,
KMPpk8,18-24 years old,Less than 1,At a cafe,False,False,False,True,False,,,,,,,,,,,,,,,,,,,,,Cortado,,Other,False,False,False,False,True,Don't drink coffee only espresso,,,,,,,,,,,,,,,,,,,,,,,,,,,,Chocolatey,Somewhat strong,Dark,Full caffeine,2.0,2.0,2.0,1.0,,4.0,2.0,3.0,,3.0,2.0,2.0,,2.0,4.0,2.0,,Coffee B,Coffee A,Coffee B,I do a mix of both,<$20,Other,False,False,False,False,True,Vibes,No,No,$2-$4,$4-$6,No,Less than $20,Yes,Male,,Bachelor's degree,Hispanic/Latino,,Employed full-time,,Democrat
rlrxo5,25-34 years old,2,At a cafe,False,False,False,True,False,,,,,,,,,,,,,,,,,,,,,Pourover,,No - just black,True,False,False,False,False,,,,,,,,,,,,,,,,,,,,,,,,,,,,,Full Bodied,Medium,Medium,Full caffeine,6.0,2.0,4.0,3.0,"Nice African coffee, tangy and acidic with a nice finish. Lemon and tangerine tasting notes",3.0,3.0,2.0,"Mild but would be nice to have stronger. Graham cracker, honey, chocolate",2.0,2.0,3.0,Very smooth at first with a heavy caramel finish. Butterscotch and nutty flavors as well.,3.0,1.0,5.0,Very nice coffee for any time of day. Dark currant and berry with milk chocolate.,Coffee A,Coffee D,Coffee D,I primarily work in person,$20-$40,It tastes good,True,False,False,False,False,,Yes,Yes,$6-$8,$10-$15,Yes,$50-$100,Yes,Male,,High school graduate,White/Caucasian,,Employed full-time,,No affiliation
24O8PA,18-24 years old,3,At home,True,False,False,False,False,"Pour over, Other",True,False,False,False,False,False,False,False,False,True,Aeropress,,,,,,,,,Pourover,,No - just black,True,False,False,False,False,,,,,,,,,,,,,,,,,,,,,,,,,,,,,Fruity,Very strong,Light,Full caffeine,7.0,1.0,5.0,4.0,"Lemon, freeze dried raspberry, a hint of dark chocolate with cranberry chunks. Fresh squeezed lemon juice with a touch of pith, but overall pleasant. This is juicy and clean, right up my wheelhouse. ",3.0,1.0,2.0,"Thin, dry paper, unremarkable and not all that pleasant, but not unpleasant. If I had to guess, this is barely specialty, 80 scoring Brazilian that’s medium roasted. Similar to the low end from the Ghost Cupping Club. The more it cools the worst it tastes, but not commodity dark roast bad. ",3.0,1.0,1.0,"1, easily a 1. On re-taste. There’s a drying paper quality as it cools that comes in the finish with an unpleasant bitterness. Not commodity dark roast, still specialty but not great. 
",2.0,3.0,3.0,"A bit confusing, but there’s some stewed fruits and baking spices. ",Coffee A,Coffee A,Coffee A,I primarily work in person,$40-$60,"It tastes good, I need the caffeine",True,True,False,False,False,,Yes,Yes,$15-$20,More than $20,Yes,$500-$1000,Yes,Male,,Bachelor's degree,White/Caucasian,,Employed full-time,,Democrat
