index,ground_truth,llm_response,llm_choice
0,Coffee D,Coffee B,Coffee B
1,Coffee D,Coffee B,Coffee B
2,Coffee D,Coffee A,Coffee A
3,Coffee D,Coffee D,Coffee D
4,Coffee C,Coffee B,Coffee B
5,Coffee D,Coffee D,Coffee D
6,Coffee B,Coffee C,Coffee C
7,Coffee A,Coffee B,Coffee B
8,Coffee C,Coffee D,Coffee D
9,Coffee C,Coffee C,Coffee C
10,Coffee C,Coffee B,Coffee B
11,Coffee A,Coffee D,Coffee D
12,Coffee D,Coffee D,Coffee D
13,Coffee B,Coffee B,Coffee B
14,Coffee A,Coffee B,Coffee B
15,Coffee C,Coffee A,Coffee A
16,Coffee D,Coffee D,Coffee D
17,Coffee D,Coffee C,Coffee C
18,Coffee A,Coffee D,Coffee D
19,Coffee A,Coffee C,Coffee C
20,Coffee D,Coffee C,Coffee C
21,Coffee D,Coffee D,Coffee D
22,Coffee A,Coffee B,Coffee B
23,Coffee A,Coffee C,Coffee C
24,Coffee B,Coffee C,Coffee C
25,Coffee D,Coffee C,Coffee C
26,Coffee C,Coffee B,Coffee B
27,Coffee C,Coffee B,Coffee B
28,Coffee B,Coffee C,Coffee C
29,Coffee B,Coffee B,Coffee B
30,Coffee D,Coffee B,Coffee B
31,Coffee D,Coffee D,Coffee D
32,Coffee D,Coffee D,Coffee D
33,Coffee C,Coffee D,Coffee D
34,Coffee A,Coffee D,Coffee D
35,Coffee A,Coffee B,Coffee B
36,Coffee D,Coffee B,Coffee B
37,Coffee D,Coffee B,Coffee B
38,Coffee D,Coffee D,Coffee D
39,Coffee B,Coffee D,Coffee D
40,Coffee C,Coffee C,Coffee C
41,Coffee B,Coffee B,Coffee B
42,Coffee A,Coffee C,Coffee C
43,Coffee D,Coffee C,Coffee C
44,Coffee C,Coffee D,Coffee D
45,Coffee B,Coffee C,Coffee C
46,Coffee A,Coffee C,Coffee C
47,Coffee D,Coffee C,Coffee C
48,Coffee B,Coffee B,Coffee B
49,Coffee B,Coffee C,Coffee C
